Date,Date2,Open,High,Low,Close
2011-07-07,40731,12627.23,12753.89,12627.23,12719.49
2011-07-08,40732,12717.9,12717.9,12567.41,12657.2
2011-07-11,40735,12655.62,12655.84,12470.3,12505.76
2011-07-12,40736,12505.54,12570.58,12446.88,12446.88
2011-07-13,40737,12447.33,12611.04,12447.33,12491.61
2011-07-14,40738,12491.53,12581.98,12414.41,12437.12
2011-07-15,40739,12437.12,12504.82,12406.09,12479.73
2011-07-18,40742,12475.11,12475.26,12296.23,12385.16
2011-07-19,40743,12386.03,12607.56,12385.96,12587.42
2011-07-20,40744,12583.68,12603.51,12546.56,12571.91
2011-07-21,40745,12567.07,12751.43,12566.61,12724.41
2011-07-22,40746,12724.71,12740.87,12644.19,12681.16
2011-07-25,40749,12679.72,12679.95,12536.19,12592.8
2011-07-26,40750,12592.12,12593.4,12489.04,12501.3
2011-07-27,40751,12498.42,12498.65,12289.69,12302.55
2011-07-28,40752,12301.72,12384.9,12226.83,12240.11
2011-07-29,40753,12239.36,12243.07,12083.45,12143.24
2011-08-01,40756,12144.22,12282.42,11998.08,12132.49
2011-08-02,40757,12129.77,12130.3,11865.56,11866.62
2011-08-03,40758,11863.74,11904.91,11700.34,11896.44
2011-08-04,40759,11893.86,11893.94,11372.14,11383.68
2011-08-05,40760,11383.98,11555.41,11139,11444.61
2011-08-08,40763,11433.93,11434.09,10809.85,10809.85
2011-08-09,40764,10810.91,11244.01,10604.07,11239.77
2011-08-10,40765,11228,11228,10686.49,10719.94
2011-08-11,40766,10729.85,11278.9,10729.85,11143.31
2011-08-12,40767,11143.46,11346.67,11142.18,11269.02
2011-08-15,40770,11269.85,11484.6,11269.85,11482.9
2011-08-16,40771,11480.48,11488.01,11292.63,11405.93
2011-08-17,40772,11392.01,11529.67,11322.3,11410.21
2011-08-18,40773,11406.27,11406.5,10881.6,10990.58
2011-08-19,40774,10989.75,11086.4,10801.41,10817.65
2011-08-22,40777,10820.37,11020.55,10820.37,10854.65
2011-08-23,40778,10854.58,11176.84,10854.43,11176.76
2011-08-24,40779,11175.78,11331.57,11113.04,11320.71
2011-08-25,40780,11321.02,11406.39,11106.76,11149.82
2011-08-26,40781,11149.82,11326.43,10929.2,11284.54
2011-08-29,40784,11286.65,11541.78,11286.58,11539.25
2011-08-30,40785,11532.13,11630.07,11429.39,11559.95
2011-08-31,40786,11560.48,11712.6,11528.08,11613.53
2011-09-01,40787,11613.3,11716.84,11488.46,11493.57
2011-09-02,40788,11492.06,11492.14,11211.35,11240.26
2011-09-06,40792,11237.31,11237.46,10932.53,11139.3
2011-09-07,40793,11137.63,11414.86,11137.63,11414.86
2011-09-08,40794,11414.86,11477.3,11283.74,11295.81
2011-09-09,40795,11294.6,11294.83,10935.64,10992.13
2011-09-12,40798,10990.01,11062.03,10824.76,11061.12
2011-09-13,40799,11054.99,11140.85,10987.18,11105.85
2011-09-14,40800,11106.83,11386.78,10993.84,11246.73
2011-09-15,40801,11247.72,11433.4,11247.49,11433.18
2011-09-16,40802,11433.71,11532.47,11407.41,11509.09
2011-09-19,40805,11506.82,11506.82,11255.25,11401.01
2011-09-20,40806,11401.47,11550.22,11373.92,11408.66
2011-09-21,40807,11408.58,11447.86,11117.28,11124.84
2011-09-22,40808,11121.89,11122.12,10597.14,10733.83
2011-09-23,40809,10732.77,10808.49,10638.73,10771.48
2011-09-26,40812,10771.78,11057.49,10771.78,11043.86
2011-09-27,40813,11045.23,11369.3,11045.23,11190.69
2011-09-28,40814,11189.1,11317.08,10996.98,11010.9
2011-09-29,40815,11012.79,11271.14,10965.45,11153.98
2011-09-30,40816,11152.32,11152.39,10909.52,10913.38
2011-10-03,40819,10912.1,10979.19,10653.34,10655.3
2011-10-04,40820,10651.44,10825.44,10404.49,10808.71
2011-10-05,40821,10800.47,10950.89,10738.1,10939.95
2011-10-06,40822,10939.87,11132.6,10858.67,11123.33
2011-10-07,40823,11123.41,11232.05,11051.13,11103.12
2011-10-10,40826,11104.56,11433.33,11104.56,11433.18
2011-10-11,40827,11432.8,11447.86,11365.67,11416.3
2011-10-12,40828,11417.36,11625.3,11417.28,11518.85
2011-10-13,40829,11518.09,11518.09,11377.82,11478.13
2011-10-14,40830,11478.97,11646.83,11478.66,11644.49
2011-10-17,40833,11643.35,11643.35,11378.35,11397
2011-10-18,40834,11396.17,11652.74,11296.12,11577.05
2011-10-19,40835,11577.54,11633.7,11469.17,11504.62
2011-10-20,40836,11502.13,11581.25,11391.14,11541.78
2011-10-21,40837,11543.22,11812.46,11542.84,11808.79
2011-10-24,40840,11807.96,11940.75,11805.77,11913.62
2011-10-25,40841,11912.63,11912.86,11682.52,11706.62
2011-10-26,40842,11707.76,11891.21,11694.36,11869.04
2011-10-27,40843,11872.07,12284.31,11872.07,12208.55
2011-10-28,40844,12207.34,12251.92,12164.24,12231.11
2011-10-31,40847,12229.22,12229.29,11954.41,11955.01
2011-11-01,40848,11951.53,11951.76,11630.03,11657.96
2011-11-02,40849,11658.49,11876.83,11658.49,11836.04
2011-11-03,40850,11835.59,12065.93,11835.43,12044.47
2011-11-04,40851,12043.41,12043.49,11850.31,11983.24
2011-11-07,40854,11983.02,12074.44,11880.69,12068.39
2011-11-08,40855,12055.52,12187.51,12002.17,12170.18
2011-11-09,40856,12166.4,12166.4,11736.93,11780.94
2011-11-10,40857,11780.03,11961.14,11779.88,11893.86
2011-11-11,40858,11896.28,12179.72,11896.28,12153.68
2011-11-14,40861,12153,12170.56,12027.03,12078.98
2011-11-15,40862,12077.92,12165.11,12001.26,12096.16
2011-11-16,40863,12084.74,12109.03,11890.57,11905.59
2011-11-17,40864,11905.67,11948.43,11676.35,11770.73
2011-11-18,40865,11768.98,11854.81,11755.82,11796.16
2011-11-21,40868,11795.55,11795.7,11454.07,11547.31
2011-11-22,40869,11542.39,11571.75,11433.97,11493.72
2011-11-23,40870,11492.74,11492.82,11257.55,11257.55
2011-11-25,40872,11251.88,11361.47,11231.43,11231.65
2011-11-28,40875,11232.47,11562.1,11232.16,11523.01
2011-11-29,40876,11523.01,11624.01,11517.04,11555.63
2011-11-30,40877,11559.27,12045.68,11559.27,12045.68
2011-12-01,40878,12046.21,12062.64,11974.62,12020.03
2011-12-02,40879,12022.37,12146.68,12007.12,12019.42
2011-12-05,40882,12021.54,12186.53,12021.46,12097.83
2011-12-06,40883,12097.75,12215.71,12076.71,12150.13
2011-12-07,40884,12144.41,12257.67,12060.37,12196.37
2011-12-08,40885,12195.91,12195.91,11966.22,11997.7
2011-12-09,40886,11996.03,12212.83,11995.51,12184.26
2011-12-12,40889,12181.08,12181.38,11940.86,12021.39
2011-12-13,40890,12018.66,12147.7,11904.38,11954.94
2011-12-14,40891,11949.72,11950.02,11786.47,11823.48
2011-12-15,40892,11825.29,11967.84,11825.22,11868.81
2011-12-16,40893,11870.25,11968.18,11819.31,11866.39
2011-12-19,40896,11866.54,11925.88,11735.19,11766.26
2011-12-20,40897,11769.21,12117.13,11768.83,12103.58
2011-12-21,40898,12103.58,12119.7,11999.44,12107.74
2011-12-22,40899,12107.59,12182.71,12107.37,12169.65
2011-12-23,40900,12169.88,12297.44,12169.8,12294
2011-12-27,40904,12293.47,12328.47,12269.97,12291.35
2011-12-28,40905,12288.85,12299.11,12140.17,12151.41
2011-12-29,40906,12152.32,12293.96,12152.09,12287.04
2011-12-30,40907,12286.28,12290.06,12213.78,12217.56
2012-01-03,40911,12221.19,12479.65,12221.19,12397.38
2012-01-04,40912,12392.46,12430,12337.25,12418.42
2012-01-05,40913,12418.42,12435.98,12283.9,12415.7
2012-01-06,40914,12407.45,12415.24,12332.41,12359.92
2012-01-09,40917,12359.31,12409.08,12333.85,12392.69
2012-01-10,40918,12394.51,12514.69,12394.51,12462.47
2012-01-11,40919,12459.52,12462.58,12399.01,12449.45
2012-01-12,40920,12449.91,12483.7,12385.08,12471.02
2012-01-13,40921,12469.96,12470.12,12311.79,12422.06
2012-01-17,40925,12423.12,12573.65,12423.12,12482.07
2012-01-18,40926,12474.69,12582.28,12453.2,12578.95
2012-01-19,40927,12578.19,12625.8,12563.58,12623.98
2012-01-20,40928,12623.83,12720.48,12620.76,12720.48
2012-01-23,40931,12720.25,12764.49,12665.83,12708.82
2012-01-24,40932,12708.37,12708.52,12613.54,12675.75
2012-01-25,40933,12673.63,12778.26,12580.12,12758.85
2012-01-26,40934,12756.96,12841.95,12695.16,12734.63
2012-01-27,40935,12733.95,12733.95,12630.72,12660.46
2012-01-30,40938,12659.17,12659.32,12529.41,12653.72
2012-01-31,40939,12654.78,12720.1,12567.33,12632.91
2012-02-01,40940,12632.76,12784.62,12632.76,12716.46
2012-02-02,40941,12716.54,12741.89,12676.05,12705.41
2012-02-03,40942,12705.04,12869.95,12704.96,12862.23
2012-02-06,40945,12860.72,12860.79,12793.43,12845.13
2012-02-07,40946,12844.37,12903.71,12782.57,12878.2
2012-02-08,40947,12865.79,12893.64,12817.69,12883.95
2012-02-09,40948,12884.41,12924.71,12846.41,12890.46
2012-02-10,40949,12889.55,12889.63,12743.56,12801.23
2012-02-13,40952,12799.11,12887.93,12799.11,12874.04
2012-02-14,40953,12871.77,12878.88,12786.93,12878.28
2012-02-15,40954,12864.65,12899.47,12753.62,12780.95
2012-02-16,40955,12779.81,12914,12779.58,12904.08
2012-02-17,40956,12903.33,12967.92,12903.25,12949.87
2012-02-21,40960,12949.34,13005.04,12926.11,12965.69
2012-02-22,40961,12966.22,12977.91,12914.83,12938.67
2012-02-23,40962,12937.08,12996.08,12882.67,12984.69
2012-02-24,40963,12981.2,13013.82,12950.59,12982.95
2012-02-27,40966,12981.13,13027.52,12882.59,12981.51
2012-02-28,40967,12976.74,13021.51,12952.82,13005.12
2012-02-29,40968,13005.42,13055.75,12929.66,12952.07
2012-03-01,40969,12952.29,13032.67,12943.06,12980.3
2012-03-02,40970,12980.75,12997.51,12927.77,12977.57
2012-03-05,40973,12977.34,12977.34,12883.91,12962.81
2012-03-06,40974,12958.65,12958.73,12734.86,12759.15
2012-03-07,40975,12756.12,12857.73,12751.51,12837.33
2012-03-08,40976,12835.53,12937.19,12835.53,12907.94
2012-03-09,40977,12908.62,12968.79,12906.43,12922.02
2012-03-12,40980,12920.58,12976.36,12919.98,12959.71
2012-03-13,40981,12953.2,13180.4,12953.13,13177.68
2012-03-14,40982,13177.15,13221.27,13166.25,13194.1
2012-03-15,40983,13192.97,13253.51,13170.19,13252.76
2012-03-16,40984,13253.51,13289.08,13231.45,13232.62
2012-03-19,40987,13231.94,13269.71,13208.63,13239.13
2012-03-20,40988,13238.45,13238.45,13123.38,13170.19
2012-03-21,40989,13170.79,13190.02,13112.93,13124.62
2012-03-22,40990,13124.4,13124.47,13017.42,13046.14
2012-03-23,40991,13045.99,13099.91,13002.77,13080.73
2012-03-26,40994,13082.62,13243.86,13082.39,13241.63
2012-03-27,40995,13242.09,13264.98,13194.33,13197.73
2012-03-28,40996,13195.39,13212.64,13069.26,13126.21
2012-03-29,40997,13125.99,13151.57,13032.67,13145.82
2012-03-30,40998,13147.94,13224.49,13147.78,13212.04
2012-04-02,41001,13211.36,13297.11,13153.69,13264.49
2012-04-03,41002,13258.96,13265.36,13131.21,13199.55
2012-04-04,41003,13198.19,13198.19,13020.86,13074.75
2012-04-05,41004,13067.18,13088.11,13012.46,13060.14
2012-04-09,41008,13057.57,13057.72,12903.78,12929.59
2012-04-10,41009,12929.44,12929.59,12710.56,12715.93
2012-04-11,41010,12716.92,12844.82,12716.92,12805.39
2012-04-12,41011,12806.45,12986.96,12806.3,12986.58
2012-04-13,41012,12986.2,12986.35,12845.28,12849.59
2012-04-16,41015,12850.88,12986.77,12850.8,12921.41
2012-04-17,41016,12921.79,13131.36,12921.79,13115.54
2012-04-18,41017,13114.56,13114.56,13027.49,13032.75
2012-04-19,41018,13028.73,13080.2,12896.82,12964.1
2012-04-20,41019,12964.48,13082.54,12964.25,13029.26
2012-04-23,41022,13028.2,13028.2,12845.58,12927.17
2012-04-24,41023,12927.77,13050.3,12926.49,13001.56
2012-04-25,41024,12997.69,13105.7,12993.6,13090.72
2012-04-26,41025,13090.11,13227.82,13075.96,13204.62
2012-04-27,41026,13204.7,13266.68,13192.21,13228.31
2012-04-30,41029,13228.31,13228.76,13176.01,13213.63
2012-05-01,41030,13214.16,13338.66,13174.65,13279.32
2012-05-02,41031,13278.11,13278.11,13192.21,13268.57
2012-05-03,41032,13267.59,13284.09,13175.64,13206.59
2012-05-04,41033,13204.62,13205,13022.34,13038.27
2012-05-07,41036,13035.85,13049.09,12970,13008.53
2012-05-08,41037,13000.73,13000.73,12810.39,12932.09
2012-05-09,41038,12921.81,12921.81,12748.48,12835.06
2012-05-10,41039,12831.58,12931.71,12820.3,12855.04
2012-05-11,41040,12851.79,12918.01,12779.28,12820.6
2012-05-14,41043,12818.49,12818.86,12661.48,12695.35
2012-05-15,41044,12695.05,12758.43,12608.16,12632
2012-05-16,41045,12617.32,12722.63,12597.34,12598.55
2012-05-17,41046,12598.32,12611.42,12440.52,12442.49
2012-05-18,41047,12443.02,12492.97,12336.76,12369.38
2012-05-21,41050,12369.15,12508.11,12367.72,12504.48
2012-05-22,41051,12505.38,12575.96,12447.33,12502.81
2012-05-23,41052,12501.52,12508.3,12311.56,12496.15
2012-05-24,41053,12491.91,12539.59,12419.63,12529.75
2012-05-25,41054,12530.74,12533.12,12421.53,12454.83
2012-05-29,41058,12454.83,12611.61,12454.6,12580.69
2012-05-30,41059,12579.02,12579.1,12396.4,12419.86
2012-05-31,41060,12414.41,12489.87,12316.48,12393.45
2012-06-01,41061,12391.56,12391.63,12107.48,12118.57
2012-06-04,41064,12119.85,12143.69,12035.09,12101.46
2012-06-05,41065,12101.08,12147.55,12072.17,12127.95
2012-06-06,41066,12125,12414.79,12125,12414.79
2012-06-07,41067,12416.53,12555.26,12416.53,12460.96
2012-06-08,41068,12460.81,12554.2,12398.44,12554.2
2012-06-11,41071,12553.81,12650.47,12398.48,12411.23
2012-06-12,41072,12412.07,12577.02,12411.91,12573.8
2012-06-13,41073,12566.38,12598.25,12453.69,12496.38
2012-06-14,41074,12497.89,12698.68,12497.66,12651.91
2012-06-15,41075,12652.21,12774.7,12651.38,12767.17
2012-06-18,41078,12767.02,12781.93,12696.18,12741.82
2012-06-19,41079,12744.62,12898.94,12744.47,12837.33
2012-06-20,41080,12837.1,12877.18,12744.92,12824.39
2012-06-21,41081,12823.1,12857.39,12561.46,12573.57
2012-06-22,41082,12574.82,12674.08,12574.67,12640.78
2012-06-25,41085,12639.8,12639.87,12458.01,12502.66
2012-06-26,41086,12503.57,12576.41,12452.03,12534.67
2012-06-27,41087,12532.93,12646.87,12532.71,12627.01
2012-06-28,41088,12626.25,12626.25,12450.17,12602.26
2012-06-29,41089,12604.6,12880.39,12604.53,12880.09
2012-07-02,41092,12879.71,12902.12,12795.48,12871.39
2012-07-03,41093,12868.06,12946.2,12845.28,12943.66
2012-07-05,41095,12941.85,12961.3,12852.24,12896.67
2012-07-06,41096,12889.4,12889.4,12702.99,12772.47
2012-07-09,41099,12772.02,12772.02,12686.57,12736.29
2012-07-10,41100,12733.87,12830.29,12606.91,12653.12
2012-07-11,41101,12653.04,12661.97,12534.33,12604.53
2012-07-12,41102,12602.71,12630.64,12492.25,12573.27
2012-07-13,41103,12573.73,12784.73,12573.04,12777.09
2012-07-16,41106,12776.33,12779.58,12690.05,12727.21
2012-07-17,41107,12728.73,12829.23,12645.1,12805.54
2012-07-18,41108,12796.98,12921.94,12754.61,12908.7
2012-07-19,41109,12909.61,12977.57,12889.93,12943.36
2012-07-20,41110,12942.68,12942.83,12810.35,12822.57
2012-07-23,41113,12820.45,12820.45,12583.41,12721.46
2012-07-24,41114,12720.93,12730.09,12521.84,12617.32
2012-07-25,41115,12617.77,12732.77,12617.62,12676.05
2012-07-26,41116,12680.59,12931.22,12680.59,12887.93
2012-07-27,41117,12888.91,13117.74,12888.53,13075.66
2012-07-30,41120,13075.35,13128.64,13042.85,13073.01
2012-07-31,41121,13071.72,13082.66,13006.48,13008.68
2012-08-01,41122,13007.47,13074.83,12951.16,12976.13
2012-08-02,41123,12969.7,12969.85,12778.9,12878.88
2012-08-03,41124,12884.82,13133.18,12884.82,13096.17
2012-08-06,41127,13099.88,13187.28,13099.72,13117.51
2012-08-07,41128,13118.65,13215.97,13118.42,13168.6
2012-08-08,41129,13158.1,13202.65,13115.24,13175.64
2012-08-09,41130,13174.73,13200.23,13125.09,13165.19
2012-08-10,41131,13163.15,13208.22,13094.96,13207.95
2012-08-13,41134,13204.93,13205.01,13112.94,13169.43
2012-08-14,41135,13168.11,13223.01,13142.1,13172.14
2012-08-15,41136,13157.47,13192.89,13138.23,13164.78
2012-08-16,41137,13163.24,13269.35,13145.85,13250.11
2012-08-17,41138,13251.2,13281.32,13244.85,13275.2
2012-08-20,41141,13274.58,13276.15,13230.06,13271.64
2012-08-21,41142,13272.1,13330.76,13186.6,13203.58
2012-08-22,41143,13198.31,13205.06,13120.34,13172.76
2012-08-23,41144,13171.37,13171.37,13046.46,13057.46
2012-08-24,41145,13052.82,13175.51,13027.2,13157.97
2012-08-27,41148,13157.74,13176.17,13115.46,13124.67
2012-08-28,41149,13122.74,13147.32,13081.12,13102.99
2012-08-29,41150,13103.46,13144.81,13081.27,13107.48
2012-08-30,41151,13101.29,13101.37,12978.91,13000.71
2012-08-31,41152,13002.72,13151.87,13002.64,13090.84
2012-09-04,41156,13092.15,13092.39,12977.09,13035.94
2012-09-05,41157,13036.09,13095.91,13018.74,13047.48
2012-09-06,41158,13045.23,13294.13,13045.08,13292
2012-09-07,41159,13289.53,13320.27,13266.22,13306.64
2012-09-10,41162,13308.56,13324.1,13251.39,13254.29
2012-09-11,41163,13254.6,13354.34,13253.21,13323.36
2012-09-12,41164,13321.62,13373.62,13317.52,13333.35
2012-09-13,41165,13329.71,13573.33,13325.11,13539.86
2012-09-14,41166,13540.4,13653.24,13533.94,13593.37
2012-09-17,41169,13588.57,13593.15,13526.67,13553.1
2012-09-18,41170,13552.33,13582.12,13517.81,13564.64
2012-09-19,41171,13565.41,13626.48,13556.74,13577.96
2012-09-20,41172,13575.17,13599.02,13503,13596.93
2012-09-21,41173,13597.24,13647.1,13571.53,13579.47
2012-09-24,41176,13577.85,13601.9,13521.68,13558.92
2012-09-25,41177,13559.92,13620.21,13457.25,13457.55
2012-09-26,41178,13458.63,13480.37,13406.91,13413.51
2012-09-27,41179,13413.47,13522.83,13413.47,13485.97
2012-09-28,41180,13485.89,13487.66,13367.27,13437.13
2012-10-01,41183,13437.66,13598.25,13437.66,13515.11
2012-10-02,41184,13515.3,13567.06,13424.92,13482.36
2012-10-03,41185,13479.21,13536.27,13439.12,13494.61
2012-10-04,41186,13495.18,13594.33,13495.18,13575.36
2012-10-05,41187,13569.18,13661.87,13568.75,13610.15
2012-10-08,41190,13589.26,13610.38,13552.09,13583.65
2012-10-09,41191,13582.88,13592.33,13473.31,13473.53
2012-10-10,41192,13473.53,13478.83,13327.62,13344.97
2012-10-11,41193,13346.28,13428.49,13326.12,13326.39
2012-10-12,41194,13325.62,13401.32,13296.43,13328.85
2012-10-15,41197,13329.54,13437.66,13325.93,13424.23
2012-10-16,41198,13423.84,13556.37,13423.76,13551.78
2012-10-17,41199,13539.63,13561.65,13468.9,13557
2012-10-18,41200,13553.24,13588.73,13510.93,13548.94
2012-10-19,41201,13545.33,13545.49,13312.22,13343.51
2012-10-22,41204,13344.28,13368.55,13235.15,13345.89
2012-10-23,41205,13344.9,13344.9,13083.28,13102.53
2012-10-24,41206,13103.53,13155.21,13063.63,13077.34
2012-10-25,41207,13079.64,13214.11,13017.37,13103.68
2012-10-26,41208,13104.22,13151.72,13040.17,13107.21
2012-10-31,41213,13107.44,13189.08,13052.07,13096.46
2012-11-01,41214,13099.19,13273.71,13099.11,13232.62
2012-11-02,41215,13232.62,13289.45,13076.57,13093.16
2012-11-05,41218,13092.28,13140.58,13038.71,13112.44
2012-11-06,41219,13112.9,13290.75,13112.9,13245.68
2012-11-07,41220,13228.24,13228.32,12876.6,12932.73
2012-11-08,41221,12932.81,12980.23,12811.24,12811.32
2012-11-09,41222,12811.17,12890.19,12743.39,12815.39
2012-11-12,41225,12815.93,12861.28,12783,12815.08
2012-11-13,41226,12808.71,12898.25,12748.51,12756.18
2012-11-14,41227,12746.54,12797.73,12542.68,12570.95
2012-11-15,41228,12571.1,12600.59,12496.56,12542.38
2012-11-16,41229,12542.31,12604.17,12471.49,12588.31
2012-11-19,41232,12590.23,12796.19,12590.23,12795.96
2012-11-20,41233,12790.89,12808.56,12701.07,12788.51
2012-11-21,41234,12788.36,12845.99,12786.13,12836.89
2012-11-23,41236,12833.13,13011.45,12832.98,13009.53
2012-11-26,41239,13008.45,13008.45,12900.17,12967.37
2012-11-27,41240,12963.38,12980.19,12868.26,12878.13
2012-11-28,41241,12875.56,12989.1,12765.32,12985.11
2012-11-29,41242,12977.35,13062.56,12961.92,13021.82
2012-11-30,41243,13022.05,13053.74,12988.68,13025.58
2012-12-03,41246,13027.73,13087.32,12959.42,12965.6
2012-12-04,41247,12966.45,13022.51,12940.07,12951.78
2012-12-05,41248,12948.96,13089.11,12923.44,13034.49
2012-12-06,41249,13026.19,13076.88,13007.84,13074.04
2012-12-07,41250,13072.87,13157.28,13072.87,13155.13
2012-12-10,41253,13154.89,13195.35,13139.08,13169.88
2012-12-11,41254,13170.34,13306.57,13170.34,13248.44
2012-12-12,41255,13250.05,13329.44,13227.44,13245.45
2012-12-13,41256,13241.38,13264.41,13147.19,13170.72
2012-12-14,41257,13170.8,13190.41,13118.46,13135.01
2012-12-17,41260,13135.17,13244.33,13134.63,13235.39
2012-12-18,41261,13236.61,13365.86,13232.58,13350.96
2012-12-19,41262,13351.04,13357.7,13251.74,13251.97
2012-12-20,41263,13246.67,13314.64,13216.03,13311.72
2012-12-21,41264,13309.95,13309.95,13122.53,13190.84
2012-12-24,41267,13190.15,13190.38,13128.55,13138.93
2012-12-26,41269,13138.85,13174.88,13076.87,13114.59
2012-12-27,41270,13114.97,13141.74,12964.08,13096.31
2012-12-28,41271,13095.08,13095.46,12926.86,12938.11
2012-12-31,41274,12938.19,13109.13,12883.89,13104.14
2013-01-02,41276,13104.3,13412.71,13104.3,13412.55
2013-01-03,41277,13413.01,13430.6,13358.3,13391.36
2013-01-04,41278,13391.05,13447.11,13376.23,13435.21
2013-01-07,41281,13436.13,13436.13,13343.32,13384.29
2013-01-08,41282,13377.42,13377.42,13293.13,13328.85
2013-01-09,41283,13329.92,13416.55,13329.08,13390.51
2013-01-10,41284,13391.82,13478.2,13382.29,13471.22
2013-01-11,41285,13471.45,13496.68,13439.97,13488.43
2013-01-14,41288,13488.43,13520.18,13459.84,13507.32
2013-01-15,41289,13507.32,13546.37,13445.8,13534.89
2013-01-16,41290,13534.89,13534.89,13468.96,13511.23
2013-01-17,41291,13511.23,13633.89,13510.24,13596.02
2013-01-18,41292,13596.02,13649.93,13571.86,13649.7
2013-01-22,41296,13649.7,13712.21,13622.96,13712.21
2013-01-23,41297,13712.21,13794.29,13710.13,13779.33
2013-01-24,41298,13779.33,13879.66,13779.33,13825.33
2013-01-25,41299,13825.33,13895.98,13825.33,13895.98
2013-01-28,41302,13895.98,13915.72,13862.57,13881.93
2013-01-29,41303,13881.93,13969.99,13880.01,13954.42
2013-01-30,41304,13954.42,13966.13,13896.95,13910.42
2013-01-31,41305,13910.42,13941.06,13860.58,13860.58
2013-02-01,41306,13860.58,14019.78,13860.58,14009.79
2013-02-04,41309,14009.79,14009.79,13866.83,13880.08
2013-02-05,41310,13880.08,14013.6,13880.08,13979.3
2013-02-06,41311,13979.3,13991.61,13913.18,13986.52
2013-02-07,41312,13986.52,13988.06,13852.2,13944.05
2013-02-08,41313,13944.05,14022.62,13944.05,13992.97
2013-02-11,41316,13992.97,13992.97,13940.41,13971.24
2013-02-12,41317,13971.24,14038.97,13968.94,14018.7
2013-02-13,41318,14018.7,14029.35,13945.78,13982.91
2013-02-14,41319,13982.91,13990.36,13921.94,13973.39
2013-02-15,41320,13973.39,14001.93,13906.73,13981.76
2013-02-19,41324,13981.76,14044.82,13977.9,14035.67
2013-02-20,41325,14035.67,14058.27,13919.28,13927.54
2013-02-21,41326,13927.54,13927.54,13834.4,13880.62
2013-02-22,41327,13880.62,14001.19,13880.62,14000.57
2013-02-25,41330,14000.57,14081.58,13784.01,13784.17
2013-02-26,41331,13784.17,13918.44,13784.17,13900.13
2013-02-27,41332,13900.13,14104.86,13880.19,14075.37
2013-02-28,41333,14075.37,14149.15,14050.18,14054.49
2013-03-01,41334,14054.49,14107.09,13937.6,14089.66
2013-03-04,41337,14089.66,14128.21,14030.37,14127.82
2013-03-05,41338,14127.82,14286.37,14127.82,14253.77
2013-03-06,41339,14253.77,14320.65,14253,14296.24
2013-03-07,41340,14296.24,14354.69,14296.24,14329.49
2013-03-08,41341,14329.49,14413.17,14329.49,14397.07
2013-03-11,41344,14397.07,14448.06,14373.32,14447.29
2013-03-12,41345,14447.29,14478.8,14412.06,14450.06
2013-03-13,41346,14450.06,14472.8,14411.66,14455.28
2013-03-14,41347,14455.28,14539.29,14455.28,14539.14
2013-03-15,41348,14539.14,14539.14,14470.5,14514.11
2013-03-18,41351,14514.11,14521.59,14404.21,14452.06
2013-03-19,41352,14452.06,14514.34,14382.09,14455.82
2013-03-20,41353,14455.82,14546.82,14455.82,14511.73
2013-03-21,41354,14511.73,14511.73,14383.02,14421.49
2013-03-22,41355,14421.49,14519.95,14421.49,14512.03
2013-03-25,41358,14512.03,14563.75,14395,14447.75
2013-03-26,41359,14447.75,14561.54,14447.75,14559.65
2013-03-27,41360,14559.65,14559.65,14439.55,14526.16
2013-03-28,41361,14526.16,14585.1,14520.86,14578.54
2013-04-01,41365,14578.54,14605.72,14531.48,14572.85
2013-04-02,41366,14572.85,14684.49,14572.85,14662.01
2013-04-03,41367,14662.01,14683.13,14525.36,14550.35
2013-04-04,41368,14550.35,14625.24,14538.72,14606.11
2013-04-05,41369,14606.11,14606.11,14434.43,14565.25
2013-04-08,41372,14565.25,14613.48,14497.8,14613.48
2013-04-09,41373,14613.48,14716.46,14598.5,14673.46
2013-04-10,41374,14673.46,14826.66,14673.46,14802.24
2013-04-11,41375,14802.24,14887.51,14785.36,14865.14
2013-04-12,41376,14865.14,14865.21,14790.57,14865.06
2013-04-15,41379,14865.06,14865.06,14598.58,14599.2
2013-04-16,41380,14599.2,14761.73,14599.2,14756.78
2013-04-17,41381,14756.78,14756.78,14560.81,14618.59
2013-04-18,41382,14618.59,14650.26,14495.29,14537.14
2013-04-19,41383,14537.14,14553.73,14444.03,14547.51
2013-04-22,41386,14547.51,14588.83,14457.6,14567.17
2013-04-23,41387,14567.17,14721.42,14554.29,14719.46
2013-04-24,41388,14719.46,14747.42,14666.54,14676.3
2013-04-25,41389,14676.3,14768.05,14665.45,14700.8
2013-04-26,41390,14700.8,14743.49,14684.82,14712.55
2013-04-29,41393,14712.55,14844.96,14712.55,14818.75
2013-04-30,41394,14818.75,14839.8,14734.47,14839.8
2013-05-01,41395,14839.8,14839.8,14687.05,14700.95
2013-05-02,41396,14700.95,14834.63,14700.95,14831.58
2013-05-03,41397,14831.58,15009.59,14831.58,14973.96
2013-05-06,41400,14973.96,14988.87,14941.09,14968.89
2013-05-07,41401,14968.89,15056.67,14968.89,15056.2
2013-05-08,41402,15056.2,15106.81,15021.87,15105.12
2013-05-09,41403,15105.12,15144.83,15046.87,15082.62
2013-05-10,41404,15082.62,15118.49,15038.18,15118.49
2013-05-13,41407,15113.42,15113.42,15053.46,15091.68
2013-05-14,41408,15091.68,15219.55,15089.3,15215.25
2013-05-15,41409,15211.87,15301.34,15175.39,15275.69
2013-05-16,41410,15273.92,15302.49,15215.82,15233.22
2013-05-17,41411,15234.75,15357.4,15234.75,15354.4
2013-05-20,41414,15348.33,15391.84,15314.15,15335.28
2013-05-21,41415,15334.97,15434.5,15325.68,15387.58
2013-05-22,41416,15387.12,15542.4,15265.96,15307.17
2013-05-23,41417,15300.57,15348.41,15180.23,15294.5
2013-05-24,41418,15290.74,15306.71,15199.63,15303.1
2013-05-28,41422,15307.33,15521.49,15307.33,15409.39
2013-05-29,41423,15399.94,15400.25,15229.53,15302.8
2013-05-30,41424,15306.02,15398.7,15280.99,15324.53
2013-05-31,41425,15322.22,15392.38,15115.57,15115.57
2013-06-03,41428,15123.55,15254.11,15123.55,15254.03
2013-06-04,41429,15255.22,15304.98,15100.78,15177.54
2013-06-05,41430,15168.1,15168.63,14945.57,14960.59
2013-06-06,41431,14955.45,15040.62,14844.22,15040.62
2013-06-07,41432,15044.46,15255.58,15044.46,15248.12
2013-06-10,41435,15247.81,15300.64,15211.25,15238.59
2013-06-11,41436,15231.38,15251.07,15086.09,15122.02
2013-06-12,41437,15130.39,15241.28,14981.21,14995.23
2013-06-13,41438,14992.54,15202.27,14953.45,15176.08
2013-06-14,41439,15178.08,15205.92,15044.8,15070.18
2013-06-17,41442,15078.71,15261.71,15078.71,15179.85
2013-06-18,41443,15186.3,15340.09,15186.3,15318.23
2013-06-19,41444,15315.47,15322.07,15112.11,15112.19
2013-06-20,41445,15105.51,15105.51,14732.03,14758.32
2013-06-21,41446,14760.62,14858.56,14688.43,14799.4
2013-06-24,41449,14795.79,14795.79,14551.27,14659.56
2013-06-25,41450,14669.69,14812.03,14669.69,14760.31
2013-06-26,41451,14769.99,14938.98,14769.68,14910.14
2013-06-27,41452,14921.28,15075.01,14921.28,15024.49
2013-06-28,41453,15016.58,15034.63,14884.8,14909.6
2013-07-01,41456,14911.6,15083.28,14911.6,14974.96
2013-07-02,41457,14974.96,15049.22,14870.51,14932.41
2013-07-03,41458,14923.73,15025.9,14858.93,14988.37
2013-07-05,41460,14995.46,15137.51,14971.2,15135.84
2013-07-08,41463,15137.22,15262.72,15137.22,15224.69
2013-07-09,41464,15228.46,15320.42,15228.46,15300.34
2013-07-10,41465,15298.03,15348.95,15258.89,15291.66
2013-07-11,41466,15298,15483.55,15298,15460.92
2013-07-12,41467,15460.69,15498.39,15410.27,15464.3
2013-07-15,41470,15459.69,15509.48,15455.77,15484.26
2013-07-16,41471,15485.03,15498.16,15415.71,15451.85
2013-07-17,41472,15456.92,15502,15438.12,15470.52
2013-07-18,41473,15465.91,15589.4,15465.91,15548.54
2013-07-19,41474,15524.27,15544.55,15491.96,15543.74
2013-07-22,41477,15543.97,15576.21,15516.2,15545.55
2013-07-23,41478,15547,15604.22,15544.06,15567.74
2013-07-24,41479,15576.69,15602.6,15496.84,15542.24
2013-07-25,41480,15539.17,15560.33,15455.59,15555.61
2013-07-26,41481,15547.85,15560.97,15405.16,15558.83
2013-07-29,41484,15557.14,15557.14,15482.27,15521.97
2013-07-30,41485,15534.49,15593.91,15479.13,15520.59
2013-07-31,41486,15528.57,15634.32,15492.96,15499.54
2013-08-01,41487,15503.85,15650.69,15503.85,15628.02
2013-08-02,41488,15627.56,15658.43,15558.68,15658.36
2013-08-05,41491,15651.98,15655.21,15584.83,15612.13
2013-08-06,41492,15608.44,15608.44,15473.4,15518.74
2013-08-07,41493,15516.21,15516.21,15421.75,15470.67
2013-08-08,41494,15477.27,15557.12,15418.6,15498.32
2013-08-09,41495,15496.63,15507.76,15346.65,15425.51
2013-08-12,41498,15415.22,15441.75,15359.93,15419.68
2013-08-13,41499,15420.68,15504.14,15342.34,15451.01
2013-08-14,41500,15447.71,15453.08,15316.62,15337.66
2013-08-15,41501,15332.71,15332.71,15094.03,15112.19
2013-08-16,41502,15112.57,15139.77,15054.38,15081.47
2013-08-19,41505,15076.79,15106.39,15005.42,15010.74
2013-08-20,41506,15011.82,15074.92,14992.16,15002.99
2013-08-21,41507,14993.81,15019.7,14880.84,14897.55
2013-08-22,41508,14908.6,14989.12,14899,14963.74
2013-08-23,41509,14988.78,15025.56,14931.24,15010.51
2013-08-26,41512,15014.58,15049.98,14945.24,14946.46
2013-08-27,41513,14939.25,14939.25,14765.42,14776.13
2013-08-28,41514,14770.99,14867.4,14760.41,14824.51
2013-08-29,41515,14817.91,14916.01,14792.11,14840.95
2013-08-30,41516,14844.1,14848.24,14762.35,14810.31
2013-09-03,41520,14801.55,14933.35,14777.48,14833.96
2013-09-04,41521,14832.42,14956.74,14799.09,14930.87
2013-09-05,41522,14929.49,14987.47,14923.27,14937.48
2013-09-06,41523,14941.55,15009.84,14789.4,14922.5
2013-09-09,41526,14927.19,15088.41,14927.19,15063.12
2013-09-10,41527,15067.23,15192.13,15067.23,15191.06
2013-09-11,41528,15194.13,15326.6,15194.13,15326.6
2013-09-12,41529,15327.14,15345.32,15283.26,15300.64
2013-09-13,41530,15312.86,15380.97,15312.86,15376.06
2013-09-16,41533,15381.36,15549.87,15381.36,15494.78
2013-09-17,41534,15503.15,15555.07,15503.15,15529.73
2013-09-18,41535,15533.03,15709.58,15470.16,15676.94
2013-09-19,41536,15677.86,15695.89,15625.45,15636.55
2013-09-20,41537,15635.09,15654.77,15448.09,15451.09
2013-09-23,41540,15452.31,15466.95,15368.25,15401.38
2013-09-24,41541,15402.54,15433.75,15327.14,15334.59
2013-09-25,41542,15339.02,15372.48,15253.16,15273.26
2013-09-26,41543,15274.42,15387.19,15274.42,15328.3
2013-09-27,41544,15317.45,15317.45,15211.81,15258.24
2013-09-30,41547,15249.82,15249.82,15086.71,15129.67
2013-10-01,41548,15132.49,15208.4,15110.34,15191.7
2013-10-02,41549,15182.65,15182.65,15044.71,15133.14
2013-10-03,41550,15127.23,15127.23,14947.03,14996.48
2013-10-04,41551,14994.68,15083.99,14972.33,15072.58
2013-10-07,41554,15069.3,15069.3,14920.83,14936.24
2013-10-08,41555,14938.04,14938.04,14773.47,14776.53
2013-10-09,41556,14778.19,14852.5,14719.43,14802.98
2013-10-10,41557,14806.39,15126.07,14806.39,15126.07
2013-10-11,41558,15126.52,15237.3,15100.13,15237.11
2013-10-14,41561,15231.33,15309.48,15136.38,15301.26
2013-10-15,41562,15300.3,15301.91,15161.33,15168.01
2013-10-16,41563,15170.7,15374.15,15170.7,15373.83
2013-10-17,41564,15369.46,15376.11,15229.02,15371.65
2013-10-18,41565,15371.71,15412.97,15321.81,15399.65
2013-10-21,41568,15401.32,15410.18,15362.66,15392.2
2013-10-22,41569,15394.22,15518.1,15394.22,15467.66
2013-10-23,41570,15465.34,15465.66,15366.19,15413.33
2013-10-24,41571,15414.87,15528.63,15414.13,15509.21
2013-10-25,41572,15523.72,15570.6,15512.96,15570.28
2013-10-28,41575,15569.19,15599.09,15533.48,15568.93
2013-10-29,41576,15572.21,15683.08,15572.21,15680.35
2013-10-30,41577,15680.74,15721,15574.52,15618.76
2013-10-31,41578,15619.92,15651.86,15544.69,15545.75
2013-11-01,41579,15558.01,15649.4,15543.25,15615.55
2013-11-04,41582,15621.2,15658.9,15588.48,15639.12
2013-11-05,41583,15631.22,15651.89,15522.18,15618.22
2013-11-06,41584,15628.72,15750.29,15628.72,15746.88
2013-11-07,41585,15751.31,15797.68,15586.33,15593.98
2013-11-08,41586,15591.54,15764.29,15579.35,15761.78
2013-11-11,41589,15759.28,15791.45,15737.22,15783.1
2013-11-12,41590,15773.15,15793.38,15708.29,15750.67
2013-11-13,41591,15739.5,15822.98,15672,15821.63
2013-11-14,41592,15806.22,15884.99,15798.74,15876.22
2013-11-15,41593,15876.16,15962.98,15875.9,15961.7
2013-11-18,41596,15962.72,16030.28,15942.17,15976.02
2013-11-19,41597,15974.06,16025.85,15943.78,15967.03
2013-11-20,41598,15971.2,16016.85,15865.37,15900.82
2013-11-21,41599,15908.07,16016.04,15908.07,16009.99
2013-11-22,41600,16008.71,16068.78,15976.27,16064.77
2013-11-25,41603,16072.09,16109.63,16055.46,16072.54
2013-11-26,41604,16070.93,16120.25,16070.93,16072.8
2013-11-27,41605,16073.37,16107.99,16057.34,16097.33
2013-11-29,41607,16105.16,16174.51,16074.14,16086.41
2013-12-02,41610,16087.12,16098,15986.23,16008.77
2013-12-03,41611,16004.72,16004.72,15859.68,15914.62
2013-12-04,41612,15910.51,15960.36,15791.29,15889.77
2013-12-05,41613,15886.5,15896.19,15809.37,15821.51
2013-12-06,41614,15825.55,16022.35,15825.55,16020.2
2013-12-09,41617,16019.49,16058.4,16015.29,16025.53
2013-12-10,41618,16024.12,16029.06,15969.53,15973.13
2013-12-11,41619,15970.75,15997.22,15827.7,15843.53
2013-12-12,41620,15844.82,15845.11,15703.79,15739.43
2013-12-13,41621,15745.66,15792.8,15717.92,15755.36
2013-12-16,41624,15759.6,15930.31,15759.6,15884.57
2013-12-17,41625,15884.06,15917.96,15836.45,15875.26
2013-12-18,41626,15876.57,16173.04,15808.92,16167.97
2013-12-19,41627,16162.51,16194.72,16121.54,16179.08
2013-12-20,41628,16178.57,16287.84,16178.57,16221.14
2013-12-23,41631,16225.25,16318.11,16225.25,16294.61
2013-12-24,41632,16295.7,16360.6,16295.7,16357.55
2013-12-26,41634,16370.97,16483,16370.97,16479.88
2013-12-27,41635,16486.37,16529.01,16461.23,16478.41
2013-12-30,41638,16484.51,16504.35,16476.87,16504.29
2013-12-31,41639,16512.38,16588.25,16511.48,16576.66
2014-01-02,41641,16572.17,16573.07,16416.49,16441.35
2014-01-03,41642,16456.89,16518.74,16439.3,16469.99
2014-01-06,41645,16474.04,16532.99,16405.52,16425.1
2014-01-07,41646,16429.02,16562.32,16429.02,16530.94
2014-01-08,41647,16527.66,16528.88,16416.69,16462.74
2014-01-09,41648,16471.41,16525.35,16378.61,16444.76
2014-01-10,41649,16453.62,16487.65,16379.02,16437.05
2014-01-13,41652,16434.03,16453.13,16240.6,16257.94
2014-01-14,41653,16261.99,16373.92,16260.83,16373.86
2014-01-15,41654,16378.03,16505.28,16376.78,16481.94
2014-01-16,41655,16477.7,16477.7,16375.56,16417.01
2014-01-17,41656,16408.02,16495.26,16378.8,16458.56
2014-01-21,41660,16459.27,16520.6,16316.25,16414.44
2014-01-22,41661,16420.48,16453.49,16332.98,16373.34
2014-01-23,41662,16371.99,16372.96,16140.58,16197.35
2014-01-24,41663,16203.29,16203.29,15879.11,15879.11
2014-01-27,41666,15879.05,15942.77,15783.55,15837.88
2014-01-28,41667,15840.84,15945.89,15840.84,15928.56
2014-01-29,41668,15927.08,15927.08,15708.98,15738.79
2014-01-30,41669,15743.03,15907.53,15733.27,15848.61
2014-01-31,41670,15847.19,15847.19,15617.55,15698.85
2014-02-03,41673,15697.69,15708.54,15356.17,15372.8
2014-02-04,41674,15372.93,15481.85,15356.62,15445.24
2014-02-05,41675,15443,15478.21,15340.69,15440.23
2014-02-06,41676,15443.83,15632.09,15443,15628.53
2014-02-07,41677,15630.64,15798.51,15625.53,15794.08
2014-02-10,41680,15793.63,15801.79,15733.69,15801.79
2014-02-11,41681,15804.17,16027.19,15803.4,15994.77
2014-02-12,41682,15993.04,16036.56,15928.75,15963.94
2014-02-13,41683,15946.99,16039.37,15863.25,16027.59
2014-02-14,41684,16018.08,16175.55,15985.39,16154.39
2014-02-18,41688,16153.97,16167.33,16107.04,16130.4
2014-02-19,41689,16126.23,16225.72,16031.66,16040.56
2014-02-20,41690,16044.15,16161.64,16006.59,16133.23
2014-02-21,41691,16135.92,16191.92,16093.8,16103.3
2014-02-24,41694,16102.27,16300.04,16102.27,16207.14
2014-02-25,41695,16207.34,16254.26,16147.25,16179.66
2014-02-26,41696,16180.36,16252.35,16155.86,16198.41
2014-02-27,41697,16197.7,16276.28,16159.81,16272.65
2014-02-28,41698,16273.23,16398.95,16226.09,16321.71
2014-03-03,41701,16321.71,16321.71,16071.25,16168.03
2014-03-04,41702,16169.32,16419.49,16169.32,16395.88
2014-03-05,41703,16395.88,16406.55,16343.96,16360.18
2014-03-06,41704,16360.56,16450.17,16360.56,16421.89
2014-03-07,41705,16424.53,16505.7,16398.86,16452.72
2014-03-10,41708,16453.1,16453.1,16334.2,16418.68
2014-03-11,41709,16419.39,16460.33,16325.17,16351.25
2014-03-12,41710,16350.67,16364.74,16260.03,16340.08
2014-03-13,41711,16341.55,16405.07,16084.1,16108.89
2014-03-14,41712,16106.32,16165.05,16046.99,16065.67
2014-03-17,41715,16066.37,16270.34,16066.37,16247.22
2014-03-18,41716,16245.93,16369.94,16245.93,16336.19
2014-03-19,41717,16335.71,16363.32,16126.29,16222.17
2014-03-20,41718,16221.98,16353.98,16160.33,16331.05
2014-03-21,41719,16332.69,16456.45,16290.79,16302.77
2014-03-24,41722,16303.28,16380.51,16215.56,16276.69
2014-03-25,41723,16279.2,16407.18,16279.2,16367.88
2014-03-26,41724,16370.71,16466.04,16268.99,16268.99
2014-03-27,41725,16268.67,16300.94,16191.79,16264.23
2014-03-28,41726,16267.77,16414.86,16267.77,16323.06
2014-03-31,41729,16324.22,16480.85,16324.22,16457.66
2014-04-01,41730,16458.05,16565.73,16457.6,16532.61
2014-04-02,41731,16532.8,16588.19,16506.6,16573
2014-04-03,41732,16572.36,16604.15,16527.6,16572.55
2014-04-04,41733,16576.02,16631.63,16392.77,16412.71
2014-04-07,41736,16414.15,16421.38,16244.01,16245.87
2014-04-08,41737,16245.16,16296.86,16180.28,16256.14
2014-04-09,41738,16256.37,16438.82,16256.37,16437.18
2014-04-10,41739,16437.24,16456.12,16153.34,16170.22
2014-04-11,41740,16168.87,16168.87,16015.32,16026.75
2014-04-14,41743,16028.29,16184.76,16028.29,16173.24
2014-04-15,41744,16173.49,16272.95,16063.2,16262.56
2014-04-16,41745,16266.23,16424.85,16266.23,16424.85
2014-04-17,41746,16424.14,16460.49,16368.14,16408.54
2014-04-21,41750,16408.92,16459.78,16402.08,16449.25
2014-04-22,41751,16449.38,16565.71,16449.38,16514.37
2014-04-23,41752,16513.73,16525.99,16477.28,16501.65
2014-04-24,41753,16503.39,16541.26,16452.3,16501.65
2014-04-25,41754,16503.26,16503.26,16333.78,16361.46
2014-04-28,41757,16363.2,16500.37,16312.66,16448.74
2014-04-29,41758,16451.18,16559.39,16451.18,16535.37
2014-04-30,41759,16534.86,16592.28,16510.87,16580.84
2014-05-01,41760,16580.26,16604.79,16525.25,16558.87
2014-05-02,41761,16562.34,16620.06,16488.31,16512.89
2014-05-05,41764,16509.75,16547.92,16377.09,16530.55
2014-05-06,41765,16529.85,16529.85,16399.99,16401.02
2014-05-07,41766,16401.66,16522.94,16357.35,16518.54
2014-05-08,41767,16518.16,16622.95,16502.01,16550.97
2014-05-09,41768,16551.23,16588.77,16498.71,16583.34
2014-05-12,41771,16584.82,16704.84,16584.82,16695.47
2014-05-13,41772,16695.92,16735.51,16695.92,16715.44
2014-05-14,41773,16716.08,16717.56,16595,16613.97
2014-05-15,41774,16613.52,16622.9,16397.46,16446.81
2014-05-16,41775,16447.32,16498.99,16414.32,16491.31
2014-05-19,41778,16490.35,16526.26,16442.12,16511.86
2014-05-20,41779,16511.22,16511.22,16341.3,16374.31
2014-05-21,41780,16376.17,16544.6,16376.17,16533.06
2014-05-22,41781,16532.74,16565.39,16489.61,16543.08
2014-05-23,41782,16544.49,16613.07,16544.49,16606.27
2014-05-27,41786,16607.42,16688.69,16607.42,16675.5
2014-05-28,41787,16674.98,16674.98,16620.22,16633.18
2014-05-29,41788,16637.74,16698.74,16620.43,16698.74
2014-05-30,41789,16697.33,16721.22,16648.85,16717.17
2014-06-02,41792,16716.85,16756.64,16682.07,16743.63
2014-06-03,41793,16736.7,16736.7,16690.01,16722.34
2014-06-04,41794,16720,16742.91,16673.65,16737.53
2014-06-05,41795,16739.14,16845.81,16709.95,16836.11
2014-06-06,41796,16839.64,16924.28,16839.64,16924.28
2014-06-09,41799,16926.08,16970.17,16912.92,16943.1
2014-06-10,41800,16940.4,16946.34,16897.44,16945.92
2014-06-11,41801,16943.16,16943.16,16821.85,16843.88
2014-06-12,41802,16840.48,16841.57,16703.73,16734.19
2014-06-13,41803,16734.64,16787.89,16718.6,16775.74
2014-06-16,41806,16765.56,16802.14,16722.86,16781.01
2014-06-17,41807,16779.21,16823.55,16732.91,16808.49
2014-06-18,41808,16806.12,16911.41,16755.29,16906.62
2014-06-19,41809,16909.9,16923.43,16858.88,16921.46
2014-06-20,41810,16920.62,16978.02,16920.62,16947.08
2014-06-23,41813,16946.5,16954.27,16896.09,16937.26
2014-06-24,41814,16934.62,16969.7,16805.23,16818.13
2014-06-25,41815,16817.68,16883.54,16799.41,16867.51
2014-06-26,41816,16866.81,16872.52,16746.09,16846.13
2014-06-27,41817,16846.9,16862.73,16773.84,16851.84
2014-06-30,41820,16852.49,16871.27,16801.94,16826.6
2014-07-01,41821,16828.53,16998.7,16828.53,16956.07
2014-07-02,41822,16949.71,16986.63,16949.71,16976.24
2014-07-03,41823,16979,17074.65,16979,17068.26
2014-07-07,41827,17063.83,17063.83,16992.45,17024.21
2014-07-08,41828,17022.09,17022.09,16874.79,16906.62
2014-07-09,41829,16916.83,16998.95,16913.81,16985.61
2014-07-10,41830,16980.35,16980.35,16805.38,16915.07
2014-07-11,41831,16918.31,16949.46,16860.3,16943.81
2014-07-14,41834,16950.93,17088.43,16950.93,17055.42
2014-07-15,41835,17055.03,17120.34,17006.39,17060.68
2014-07-16,41836,17061.91,17139.35,17061.91,17138.2
2014-07-17,41837,17133.45,17151.56,16966.19,16976.81
2014-07-18,41838,16978.16,17113.51,16977.52,17100.18
2014-07-21,41841,17095.11,17095.11,16974.34,17051.73
2014-07-22,41842,17054.97,17133.43,17040.13,17113.54
2014-07-23,41843,17117.01,17121.05,17058.05,17086.63
2014-07-24,41844,17092.02,17119.83,17061.07,17083.8
2014-07-25,41845,17079.5,17082.33,16915.65,16960.57
2014-07-28,41848,16956.91,17001.38,16877.72,16982.59
2014-07-29,41849,16984.33,17056.46,16912.11,16912.11
2014-07-30,41850,16920.11,16983.94,16817.16,16880.36
2014-07-31,41851,16869.63,16869.63,16563.3,16563.3
2014-08-01,41852,16561.7,16584.75,16437.07,16493.37
2014-08-04,41855,16493.72,16596.22,16447.2,16569.28
2014-08-05,41856,16559.97,16559.97,16369.55,16429.47
2014-08-06,41857,16425.1,16490.7,16372.32,16443.34
2014-08-07,41858,16448.29,16504.35,16333.78,16368.27
2014-08-08,41859,16369.68,16556.59,16364.22,16553.93
2014-08-11,41862,16557.27,16627.99,16557.27,16569.98
2014-08-12,41863,16565.55,16589.31,16518.06,16560.54
2014-08-13,41864,16567.54,16670.29,16567.54,16651.8
2014-08-14,41865,16657.32,16714.22,16651.67,16713.58
2014-08-15,41866,16717.01,16775.27,16575.42,16662.91
2014-08-18,41869,16664.45,16840.28,16664.45,16838.74
2014-08-19,41870,16839.06,16929.13,16839.06,16919.59
2014-08-20,41871,16910.03,16994.89,16896.55,16979.13
2014-08-21,41872,16983.88,17074.59,16983.88,17039.49
2014-08-22,41873,17038.27,17064.28,16984.52,17001.22
2014-08-25,41876,17011.81,17124.74,17011.81,17076.87
2014-08-26,41877,17079.57,17153.8,17079.57,17106.7
2014-08-27,41878,17111.03,17134.6,17090.61,17122.01
2014-08-28,41879,17119.06,17119.06,17018.33,17079.57
2014-08-29,41880,17083.42,17110.42,17035.38,17098.45
2014-09-02,41884,17097.42,17113.51,17009.07,17067.56
2014-09-03,41885,17067.24,17151.89,17060.21,17078.28
2014-09-04,41886,17083.61,17161.55,17030.12,17069.58
2014-09-05,41887,17065.89,17137.36,17009.62,17137.36
2014-09-08,41890,17131.71,17137.88,17079.17,17111.42
2014-09-09,41891,17110.39,17111.55,16993.29,17013.87
2014-09-10,41892,17016.05,17080.27,16974.57,17068.71
2014-09-11,41893,17057.41,17057.41,16983.88,17049
2014-09-12,41894,17044.05,17044.05,16937.67,16987.51
2014-09-15,41897,16988.76,17051.85,16951.38,17031.14
2014-09-16,41898,17027.16,17167.05,16985.55,17131.97
2014-09-17,41899,17131.01,17221.11,17089.01,17156.85
2014-09-18,41900,17163.73,17275.37,17163.73,17265.99
2014-09-19,41901,17267.21,17350.64,17257.46,17279.74
2014-09-22,41904,17271.71,17277.88,17159.36,17172.68
2014-09-23,41905,17165.91,17171.88,17055.87,17055.87
2014-09-24,41906,17056.64,17226.6,17033.93,17210.06
2014-09-25,41907,17204.86,17204.86,16945.8,16945.8
2014-09-26,41908,16948.62,17148.15,16948.11,17113.15
2014-09-29,41911,17107.69,17107.69,16934.43,17071.22
2014-09-30,41912,17070.45,17145.1,17017.11,17042.9
2014-10-01,41913,17040.46,17041.16,16776.13,16804.71
2014-10-02,41914,16808.27,16857.25,16674.04,16801.05
2014-10-03,41915,16802.2,17027.84,16802.2,17009.69
2014-10-06,41918,17010.34,17099.39,16930.38,16991.91
2014-10-07,41919,16988.25,16988.25,16715.79,16719.39
2014-10-08,41920,16718.65,17006.91,16663.26,16994.22
2014-10-09,41921,16989.37,16989.37,16649.04,16659.25
2014-10-10,41922,16654.88,16757.6,16543.91,16544.1
2014-10-13,41925,16535.43,16602.41,16310.47,16321.07
2014-10-14,41926,16321.9,16463.67,16273.64,16315.19
2014-10-15,41927,16313.3,16313.3,15855.12,16141.74
2014-10-16,41928,16137.14,16211.12,15935.22,16117.24
2014-10-17,41929,16118.39,16427.38,16118.39,16380.41
2014-10-20,41932,16373.15,16401.63,16260.54,16399.67
2014-10-21,41933,16406.03,16620.78,16405.77,16614.81
2014-10-22,41934,16615.26,16653.89,16459.85,16461.32
2014-10-23,41935,16468.07,16767.52,16468.07,16677.9
2014-10-24,41936,16677.04,16811.71,16649.72,16805.41
2014-10-27,41939,16796.1,16836.98,16729.83,16817.94
2014-10-28,41940,16825.19,17006.45,16825.19,17005.75
2014-10-29,41941,17005.07,17065.5,16895.38,16974.31
2014-10-30,41942,16968.14,17223.96,16920.76,17195.42
2014-10-31,41943,17208.78,17395.54,17208.78,17390.52
2014-11-03,41946,17390.9,17410.65,17339.85,17366.24
2014-11-04,41947,17368.81,17397.23,17278.36,17383.84
2014-11-05,41948,17385.76,17486.59,17385.76,17484.53
2014-11-06,41949,17491.66,17560.31,17440.35,17554.47
2014-11-07,41950,17558.58,17575.33,17493.37,17573.93
2014-11-10,41953,17568.98,17621.87,17547.51,17613.74
2014-11-11,41954,17615.64,17638.21,17584.94,17614.9
2014-11-12,41955,17604.75,17626.71,17536.17,17612.2
2014-11-13,41956,17618.69,17705.48,17583.88,17652.79
2014-11-14,41957,17653.11,17664.15,17613.2,17634.74
2014-11-17,41960,17631.85,17675.07,17606.81,17647.75
2014-11-18,41961,17643.09,17735.71,17642.03,17687.82
2014-11-19,41962,17685.51,17712.26,17624.5,17685.73
2014-11-20,41963,17677.32,17720.44,17603.89,17719
2014-11-21,41964,17721.02,17894.83,17721.02,17810.06
2014-11-24,41967,17812.63,17855.27,17793.19,17817.9
2014-11-25,41968,17819.05,17854.73,17790.89,17814.94
2014-11-26,41969,17812.25,17833.76,17791.16,17827.75
2014-11-28,41971,17830.55,17893.42,17807.78,17828.24
2014-12-01,41974,17827.27,17827.27,17726.55,17776.8
2014-12-02,41975,17778.85,17897.05,17778.85,17879.55
2014-12-03,41976,17880.9,17924.15,17855.59,17912.62
2014-12-04,41977,17910.02,17937.96,17814.81,17900.1
2014-12-05,41978,17903.05,17991.19,17903.05,17958.79
2014-12-08,41981,17954.94,17960.56,17804.28,17852.48
2014-12-09,41982,17847.37,17847.37,17629.57,17801.2
2014-12-10,41983,17797.99,17797.99,17508.1,17533.15
2014-12-11,41984,17534.3,17758.51,17534.3,17596.34
2014-12-12,41985,17590.05,17590.05,17280.83,17280.83
2014-12-15,41988,17285.74,17403.54,17115.28,17180.84
2014-12-16,41989,17173.07,17427.44,17067.59,17068.87
2014-12-17,41990,17069.16,17389.3,17069.16,17356.87
2014-12-18,41991,17367.85,17778.4,17367.85,17778.15
2014-12-19,41992,17778.02,17874.03,17746.55,17804.8
2014-12-22,41995,17812.25,17962.78,17812.25,17959.44
2014-12-23,41996,17971.51,18069.22,17970.16,18024.17
2014-12-24,41997,18035.73,18086.24,18027.78,18030.21
2014-12-26,41999,18038.3,18103.45,18038.3,18053.71
2014-12-29,42002,18046.58,18073.04,18021.57,18038.23
2014-12-30,42003,18035.02,18035.02,17959.7,17983.07
2014-12-31,42004,17987.66,18043.22,17820.88,17823.07
2015-01-02,42006,17823.07,17951.78,17731.3,17832.99
2015-01-05,42009,17821.3,17821.3,17475.93,17501.65
2015-01-06,42010,17504.18,17581.05,17262.37,17371.64
2015-01-07,42011,17374.78,17597.08,17374.78,17584.52
2015-01-08,42012,17591.97,17916.04,17591.97,17907.87
2015-01-09,42013,17911.02,17915.32,17686.09,17737.37
2015-01-12,42016,17742.05,17793.88,17571.58,17640.84
2015-01-13,42017,17645.02,17923.01,17498.23,17613.68
2015-01-14,42018,17609.06,17609.06,17264.9,17427.09
2015-01-15,42019,17436.3,17517.41,17298.04,17320.71
2015-01-16,42020,17320,17528.37,17243.55,17511.57
2015-01-20,42024,17516.96,17588.7,17346.73,17515.23
2015-01-21,42025,17509.96,17599.58,17396.04,17554.28
2015-01-22,42026,17557.29,17840.89,17482.54,17813.98
2015-01-23,42027,17812.5,17812.5,17667.53,17672.6
2015-01-26,42030,17668.11,17696.36,17567.6,17678.7
2015-01-27,42031,17638.53,17638.53,17288.31,17387.21
2015-01-28,42032,17402.91,17484.41,17189,17191.37
2015-01-29,42033,17195.29,17433.13,17136.3,17416.85
2015-01-30,42034,17416.85,17419.9,17156.82,17164.95
2015-02-02,42037,17169.99,17367.68,17037.76,17361.04
2015-02-03,42038,17369.97,17670.76,17369.97,17666.4
2015-02-04,42039,17664.99,17782.22,17603.21,17673.02
2015-02-05,42040,17677.26,17889.58,17677.26,17884.88
2015-02-06,42041,17881.54,17951.09,17764.4,17824.29
2015-02-09,42044,17821.49,17821.49,17685.32,17729.21
2015-02-10,42045,17736.15,17890.34,17729.24,17868.76
2015-02-11,42046,17867.86,17897.21,17759.65,17862.14
2015-02-12,42047,17862.14,17975.65,17862.14,17972.38
2015-02-13,42048,17968.65,18037.41,17961.76,18019.35
2015-02-17,42052,18019.8,18052.01,17951.41,18047.58
2015-02-18,42053,18045.72,18048.7,17982.2,18029.85
2015-02-19,42054,18028.67,18028.67,17924.6,17985.77
2015-02-20,42055,17985.77,18144.29,17878.37,18140.44
2015-02-23,42058,18140.76,18141.21,18054.84,18116.84
2015-02-24,42059,18112.57,18231.09,18098.73,18209.19
2015-02-25,42060,18208.67,18244.38,18182.76,18224.57
2015-02-26,42061,18224.41,18239.43,18157.07,18214.42
2015-02-27,42062,18213.26,18213.26,18132.38,18132.7
2015-03-02,42065,18134.05,18288.63,18122.59,18288.63
2015-03-03,42066,18281.95,18281.95,18136.88,18203.37
2015-03-04,42067,18203.37,18203.37,18029.5,18096.9
2015-03-05,42068,18096.9,18160.35,18087.65,18135.72
2015-03-06,42069,18135.72,18135.72,17825.15,17856.78
2015-03-09,42072,17856.56,18031.04,17856.56,17995.72
2015-03-10,42073,17989.56,17989.56,17662.94,17662.94
2015-03-11,42074,17662.94,17731.78,17627,17635.39
2015-03-12,42075,17626.84,17900.1,17620.49,17895.22
2015-03-13,42076,17889.05,17889.05,17629.89,17749.31
2015-03-16,42079,17751.24,17988.5,17751.24,17977.42
2015-03-17,42080,17972.22,17972.22,17785.79,17849.08
2015-03-18,42081,17846.8,18097.12,17697.52,18076.19
2015-03-19,42082,18072.58,18072.99,17934.24,17959.03
2015-03-20,42083,17961.13,18197.29,17961.13,18127.65
2015-03-23,42086,18136.73,18205.93,18116.04,18116.04
2015-03-24,42087,18110.87,18149.24,18010.44,18011.14
2015-03-25,42088,18012.61,18041.97,17718.54,17718.54
2015-03-26,42089,17716.27,17759.51,17579.27,17678.23
2015-03-27,42090,17673.63,17729.14,17630.49,17712.66
2015-03-30,42093,17727.48,18008.64,17727.48,17976.31
2015-03-31,42094,17965.37,17965.37,17773.02,17776.12
2015-04-01,42095,17778.52,17778.52,17585.01,17698.18
2015-04-02,42096,17699.52,17815.03,17673.49,17763.24
2015-04-06,42100,17755.5,17941.79,17646.8,17880.85
2015-04-07,42101,17884.32,17983.12,17871.21,17875.42
2015-04-08,42102,17877.62,17976.2,17822.23,17902.51
2015-04-09,42103,17902.51,17984.22,17823.1,17958.73
2015-04-10,42104,17956.73,18066.76,17945.55,18057.65
2015-04-13,42107,18052.32,18107.57,17974.81,17977.04
2015-04-14,42108,17979.11,18075.6,17905.48,18036.7
2015-04-15,42109,18045.71,18160.52,18045.71,18112.61
2015-04-16,42110,18106.27,18169.26,18063.86,18105.77
2015-04-17,42111,18102.56,18102.56,17748.53,17826.3
2015-04-20,42114,17841.18,18092.22,17841.18,18034.93
2015-04-21,42115,18034.23,18109.7,17929.63,17949.59
2015-04-22,42116,17950.82,18056.02,17887.76,18038.27
2015-04-23,42117,18031.9,18133.03,17966.77,18058.69
2015-04-24,42118,18056.42,18108.87,18009.08,18080.14
2015-04-27,42121,18097.89,18175.56,18024.66,18037.97
2015-04-28,42122,18035.9,18119.65,17917.36,18110.14
2015-04-29,42123,18093.69,18096.46,17953.69,18035.53
2015-04-30,42124,18033.33,18033.33,17774.89,17840.52
2015-05-01,42125,17859.27,18028.89,17859.27,18024.06
2015-05-04,42128,18026.02,18133.76,18026.02,18070.4
2015-05-05,42129,18062.53,18086.01,17905.71,17928.2
2015-05-06,42130,17934.81,18019.75,17733.12,17841.98
2015-05-07,42131,17840.25,17973.07,17796.94,17924.06
2015-05-08,42132,17933.64,18205.23,17933.64,18191.11
2015-05-11,42135,18187.78,18199.95,18089.11,18105.17
2015-05-12,42136,18096.16,18119.18,17924.8,18068.23
2015-05-13,42137,18070.37,18132.79,18039.2,18060.49
2015-05-14,42138,18062.49,18255.21,18062.49,18252.24
2015-05-15,42139,18251.97,18272.72,18215.07,18272.56
2015-05-18,42142,18267.25,18325.54,18244.26,18298.88
2015-05-19,42143,18300.48,18351.36,18261.35,18312.39
2015-05-20,42144,18315.06,18350.13,18272.56,18285.4
2015-05-21,42145,18285.87,18314.89,18249.9,18285.74
2015-05-22,42146,18286.87,18286.87,18217.14,18232.02
2015-05-26,42150,18229.75,18229.75,17990.02,18041.54
2015-05-27,42151,18045.08,18190.35,18045.08,18162.99
2015-05-28,42152,18154.14,18154.14,18066.4,18126.12
2015-05-29,42153,18128.12,18128.12,17967.74,18010.68
2015-06-01,42156,18017.82,18105.83,17982.06,18040.37
2015-06-02,42157,18033.33,18091.87,17925.33,18011.94
2015-06-03,42158,18018.42,18168.09,18010.42,18076.27
2015-06-04,42159,18072.47,18087.15,17876.95,17905.58
2015-06-05,42160,17905.38,17940.78,17822.9,17849.46
2015-06-08,42163,17849.46,17852.35,17760.61,17766.55
2015-06-09,42164,17766.95,17817.83,17714.97,17764.04
2015-06-10,42165,17765.38,18045.14,17765.38,18000.4
2015-06-11,42166,18001.27,18109.77,18001.27,18039.37
2015-06-12,42167,18035.83,18035.83,17857.07,17898.84
2015-06-15,42170,17890.76,17890.76,17698.42,17791.17
2015-06-16,42171,17787.43,17919.62,17774.12,17904.48
2015-06-17,42172,17909.58,17998,17839.65,17935.74
2015-06-18,42173,17944.61,18174.73,17944.61,18115.84
2015-06-19,42174,18116.24,18117.71,18010.58,18015.95
2015-06-22,42177,18027.63,18181.67,18027.63,18119.78
2015-06-23,42178,18121.78,18188.81,18108.1,18144.07
2015-06-24,42179,18139.1,18139.1,17966.07,17966.07
2015-06-25,42180,17977.11,18036.1,17890.36,17890.36
2015-06-26,42181,17892.03,18013.15,17892.03,17946.68
2015-06-29,42184,17936.74,17936.74,17590.55,17596.35
2015-06-30,42185,17599.96,17714.66,17576.5,17619.51
2015-07-01,42186,17638.12,17801.83,17638.12,17757.91
2015-07-02,42187,17763.32,17825.49,17687.52,17730.11
2015-07-06,42191,17728.08,17734.36,17564.36,17683.58
2015-07-07,42192,17684.92,17793.45,17465.68,17776.91
2015-07-08,42193,17759.01,17759.01,17496.22,17515.42
2015-07-09,42194,17530.38,17764.85,17530.38,17548.62
2015-07-10,42195,17561.12,17797.49,17561.12,17760.41
2015-07-13,42198,17787.27,17987.57,17787.27,17977.68
2015-07-14,42199,17974.61,18072.82,17956.17,18053.58
2015-07-15,42200,18053.38,18090.39,18010.15,18050.17
2015-07-16,42201,18078.16,18131.61,18065.33,18120.25
2015-07-17,42202,18117.58,18121.12,18032.06,18086.45
2015-07-20,42205,18085.91,18137.12,18064.5,18100.41
2015-07-21,42206,18096.67,18096.67,17868.34,17919.29
2015-07-22,42207,17918.35,17919.35,17807.41,17851.04
2015-07-23,42208,17853.78,17860.95,17705.03,17731.92
2015-07-24,42209,17731.05,17756.54,17553.73,17568.53
2015-07-27,42212,17561.78,17561.78,17399.17,17440.59
2015-07-28,42213,17449.81,17650.07,17449.81,17630.27
2015-07-29,42214,17631.4,17776.78,17629.2,17751.39
2015-07-30,42215,17743.24,17761.25,17640.85,17745.98
2015-07-31,42216,17755.87,17783.59,17671.59,17689.86
2015-08-03,42219,17696.74,17704.76,17496.61,17598.2
2015-08-04,42220,17596.93,17635.78,17505.5,17550.69
2015-08-05,42221,17555.24,17661.37,17492.9,17540.47
2015-08-06,42222,17542.61,17572.04,17362.86,17419.75
2015-08-07,42223,17414.94,17414.94,17279.08,17373.38
2015-08-10,42226,17375.18,17629.13,17375.18,17615.17
2015-08-11,42227,17593.59,17593.59,17352.63,17402.84
2015-08-12,42228,17382.93,17423.9,17125.81,17402.51
2015-08-13,42229,17401.64,17481.78,17341.34,17408.25
2015-08-14,42230,17410.12,17492.9,17394.06,17477.4
2015-08-17,42233,17472.66,17551.4,17341.72,17545.18
2015-08-18,42234,17537.3,17568.4,17486.42,17511.34
2015-08-19,42235,17508.74,17517.19,17282.42,17348.73
2015-08-20,42236,17345.32,17345.32,16990.69,16990.69
2015-08-21,42237,16990.69,16990.69,16459.55,16459.75
2015-08-24,42240,16459.75,16459.75,15370.33,15871.35
2015-08-25,42241,15882.27,16312.94,15651.24,15666.44
2015-08-26,42242,15676.26,16303.75,15676.26,16285.51
2015-08-27,42243,16285.51,16666.69,16285.51,16654.77
2015-08-28,42244,16649.42,16669.97,16535.18,16643.01
2015-08-31,42247,16632.02,16388.26,16444.05,16528.03
2015-09-01,42248,16528.03,16528.03,15979.95,16058.35
2015-09-02,42249,16058.35,16352.58,16058.35,16351.38
2015-09-03,42250,16364.34,16550.07,16317.31,16374.76
2015-09-04,42251,16371.76,16371.76,16026.61,16102.38
2015-09-08,42255,16109.93,16503.41,16109.93,16492.68
2015-09-09,42256,16505.04,16664.65,16220.1,16253.57
2015-09-10,42257,16252.57,16441.94,16212.08,16330.4
2015-09-11,42258,16330.4,16434.76,16244.65,16433.09
2015-09-14,42261,16450.86,16450.86,16330.87,16370.96
2015-09-15,42262,16382.58,16644.11,16382.58,16599.85
2015-09-16,42263,16599.51,16755.98,16593.9,16739.95
2015-09-17,42264,16738.08,16933.43,16639.93,16674.74
2015-09-18,42265,16674.74,16674.74,16343.76,16384.58
2015-09-21,42268,16406.1,16578.6,16391.88,16510.19
2015-09-22,42269,16477.45,16477.45,16221.73,16330.47
2015-09-23,42270,16332.81,16355.29,16211.98,16279.89
2015-09-24,42271,16257.11,16257.11,16016.36,16201.32
2015-09-25,42272,16205.07,16465.23,16205.07,16314.67
2015-09-28,42275,16313.26,16313.26,15981.85,16001.89
2015-09-29,42276,16001.76,16118.89,15942.37,16049.13
2015-09-30,42277,16057.08,16297.6,16057.08,16284.7
2015-10-01,42278,16278.62,16348.87,16073.82,16272.01
2015-10-02,42279,16258.25,16472.77,16013.66,16472.37
2015-10-05,42282,16502.1,16798.37,16502.1,16776.43
2015-10-06,42283,16774.02,16865.09,16746.03,16790.19
2015-10-07,42284,16805.42,16963.3,16765,16912.29
2015-10-08,42285,16904.17,17081.28,16859.34,17050.75
2015-10-09,42286,17054.69,17110.88,17027.23,17084.49
2015-10-12,42289,17082.29,17139.21,17064.58,17131.86
2015-10-13,42290,17113.55,17172.81,17034.45,17081.89
2015-10-14,42291,17079.08,17111.38,16887.67,16924.75
2015-10-15,42292,16944.86,17144.42,16933.57,17141.75
2015-10-16,42293,17141.75,17220.02,17107.35,17215.97
2015-10-19,42296,17209.43,17235.95,17129.19,17230.54
2015-10-20,42297,17228.47,17264.88,17147.99,17217.11
2015-10-21,42298,17225.93,17314.99,17153.13,17168.61
2015-10-22,42299,17180.88,17505.18,17180.88,17489.16
2015-10-23,42300,17525.11,17679.37,17525.11,17646.7
2015-10-26,42303,17649.57,17660.7,17602.51,17623.05
2015-10-27,42304,17608.89,17635.18,17540.57,17581.43
2015-10-28,42305,17586.69,17779.95,17556.71,17779.52
2015-10-29,42306,17771.5,17786,17684.72,17755.8
2015-10-30,42307,17756.6,17799.96,17662.87,17663.54
2015-11-02,42310,17672.62,17845.9,17655.02,17828.76
2015-11-03,42311,17819.74,17977.85,17796.02,17918.15
2015-11-04,42312,17929.58,17964.12,17828.83,17867.58
2015-11-05,42313,17871.25,17929.51,17779.19,17863.43
2015-11-06,42314,17855.22,17912.04,17768.6,17910.33
2015-11-09,42317,17900.78,17900.78,17667.78,17730.48
2015-11-10,42318,17724.13,17768.66,17657.72,17758.21
2015-11-11,42319,17769.5,17807.18,17696.91,17702.22
2015-11-12,42320,17691.93,17691.93,17443.5,17448.07
2015-11-13,42321,17439.25,17439.25,17238.89,17245.24
2015-11-16,42324,17229.94,17483.01,17210.43,17483.01
2015-11-17,42325,17486.99,17599.33,17451.41,17489.5
2015-11-18,42326,17485.49,17752.16,17485.49,17737.16
2015-11-19,42327,17739.83,17772.97,17681.98,17732.75
2015-11-20,42328,17732.75,17914.34,17732.75,17823.81
2015-11-23,42331,17823.61,17868.18,17751.53,17792.68
2015-11-24,42332,17770.9,17862.6,17683.51,17812.19
2015-11-25,42333,17820.81,17854.92,17801.83,17813.39
2015-11-27,42335,17806.04,17830.36,17749.32,17813.39
2015-11-30,42338,17802.84,17837.24,17719.79,17719.92
2015-12-01,42339,17719.72,17895.5,17719.72,17888.35
2015-12-02,42340,17883.14,17901.58,17708.2,17729.68
2015-12-03,42341,17741.57,17780.59,17425.56,17477.67
2015-12-04,42342,17482.68,17866.47,17482.68,17847.63
2015-12-07,42345,17845.49,17845.49,17639.25,17730.51
2015-12-08,42346,17703.99,17703.99,17485.39,17568
2015-12-09,42347,17558.18,17767.69,17403.51,17492.3
2015-12-10,42348,17493.17,17697.74,17474.66,17574.75
2015-12-11,42349,17574.75,17574.75,17230.5,17265.21
2015-12-14,42352,17277.11,17378.02,17138.47,17368.5
2015-12-15,42353,17374.78,17627.63,17341.18,17524.91
2015-12-16,42354,17530.85,17784.36,17483.68,17749.09
2015-12-17,42355,17756.54,17796.76,17493.5,17495.84
2015-12-18,42356,17495.04,17496.58,17124.31,17128.55
2015-12-21,42359,17154.94,17272.36,17116.73,17251.62
2015-12-22,42360,17253.55,17451.11,17242.86,17417.27
2015-12-23,42361,17427.63,17607.92,17427.63,17602.61
2015-12-24,42362,17593.26,17606.34,17543.95,17552.17
2015-12-28,42366,17535.66,17536.9,17437.34,17528.27
2015-12-29,42367,17547.37,17750.02,17547.37,17720.98
2015-12-30,42368,17711.94,17714.13,17588.87,17603.87
2015-12-31,42369,17590.66,17590.66,17421.16,17425.03
2016-01-04,42373,17405.48,17405.48,16957.63,17148.94
2016-01-05,42374,17147.5,17195.84,17038.61,17158.66
2016-01-06,42375,17154.83,17154.83,16817.62,16906.51
2016-01-07,42376,16888.36,16888.36,16463.63,16514.1
2016-01-08,42377,16519.17,16651.89,16314.57,16346.45
2016-01-11,42380,16358.71,16461.85,16232.03,16398.57
2016-01-12,42381,16419.11,16591.35,16322.07,16516.22
2016-01-13,42382,16526.63,16593.51,16123.2,16151.41
2016-01-14,42383,16159.01,16482.05,16075.12,16379.05
2016-01-15,42384,16354.33,16354.33,15842.11,15988.08
2016-01-19,42388,16009.45,16171.96,15900.25,16016.02
2016-01-20,42389,15989.45,15989.45,15450.56,15766.74
2016-01-21,42390,15768.87,16038.59,15704.66,15882.68
2016-01-22,42391,15921.1,16136.79,15921.1,16093.51
2016-01-25,42394,16086.46,16086.46,15880.15,15885.22
2016-01-26,42395,15893.16,16185.79,15893.16,16167.23
2016-01-27,42396,16168.74,16235.03,15878.3,15944.46
2016-01-28,42397,15960.28,16102.14,15863.72,16069.64
2016-01-29,42398,16090.26,16466.3,16090.26,16466.3
2016-02-01,42401,16453.63,16510.98,16299.47,16449.18
2016-02-02,42402,16420.21,16420.21,16108.44,16153.54
2016-02-03,42403,16186.2,16381.69,15960.45,16336.66
2016-02-04,42404,16329.67,16485.84,16266.16,16416.58
2016-02-05,42405,16417.95,16423.63,16129.81,16204.97
2016-02-08,42408,16147.51,16147.51,15803.55,16027.05
2016-02-09,42409,16005.41,16136.62,15881.11,16014.38
2016-02-10,42410,16035.61,16201.89,15899.91,15914.74
2016-02-11,42411,15897.82,15897.82,15503.01,15660.18
2016-02-12,42412,15691.62,15974.04,15691.62,15973.84
2016-02-16,42416,16012.39,16196.41,16012.39,16196.41
2016-02-17,42417,16217.98,16486.12,16217.98,16453.83
2016-02-18,42418,16483.76,16511.84,16390.43,16413.43
2016-02-19,42419,16410.96,16410.96,16278,16391.99
2016-02-22,42422,16417.13,16664.24,16417.13,16620.66
2016-02-23,42423,16610.39,16610.39,16403.53,16431.78
2016-02-24,42424,16418.84,16507.39,16165.86,16484.99
2016-02-25,42425,16504.38,16697.98,16458.42,16697.29
2016-02-26,42426,16712.7,16795.98,16623.91,16639.97
2016-02-29,42429,16634.15,16726.12,16510.4,16516.5
2016-03-01,42430,16545.67,16865.56,16545.67,16865.08
2016-03-02,42431,16851.17,16900.17,16766.32,16899.32
2016-03-03,42432,16896.17,16944.31,16820.73,16943.9
2016-03-04,42433,16945,17062.38,16898.84,17006.77
2016-03-07,42436,16991.29,17099.25,16940.48,17073.95
2016-03-08,42437,17050.67,17072.79,16921.51,16964.1
2016-03-09,42438,16969.17,17048.5,16947.94,17000.36
2016-03-10,42439,17006.05,17130.11,16821.86,16995.13
2016-03-11,42440,17014.99,17220.09,17014.99,17213.31
2016-03-14,42443,17207.49,17275.07,17161.16,17229.13
2016-03-15,42444,17217.15,17251.7,17120.35,17251.53
2016-03-16,42445,17249.34,17379.18,17204.07,17325.76
2016-03-17,42446,17321.38,17529.01,17297.65,17481.49
2016-03-18,42447,17481.49,17620.58,17481.49,17602.3
2016-03-21,42450,17589.7,17644.97,17551.28,17623.87
2016-03-22,42451,17602.71,17648.94,17540.42,17582.57
2016-03-23,42452,17588.81,17588.81,17486.27,17502.59
2016-03-24,42453,17485.33,17517.14,17399.01,17515.73
2016-03-28,42457,17526.08,17583.81,17493.03,17535.39
2016-03-29,42458,17512.58,17642.81,17434.27,17633.11
2016-03-30,42459,17652.36,17790.11,17652.36,17716.66
2016-03-31,42460,17716.05,17755.7,17669.72,17685.09
2016-04-01,42461,17661.74,17811.48,17568.02,17792.75
2016-04-04,42464,17799.39,17806.38,17710.67,17737
2016-04-05,42465,17718.03,17718.03,17579.56,17603.32
2016-04-06,42466,17605.45,17723.55,17542.54,17716.05
2016-04-07,42467,17687.28,17687.28,17484.23,17541.96
2016-04-08,42468,17555.39,17694.51,17528.16,17576.96
2016-04-11,42471,17586.48,17731.63,17555.9,17556.41
2016-04-12,42472,17571.34,17744.43,17553.57,17721.25
2016-04-13,42473,17741.66,17918.35,17741.66,17908.28
2016-04-14,42474,17912.25,17962.14,17885.44,17926.43
2016-04-15,42475,17925.95,17937.65,17867.41,17897.46
2016-04-18,42478,17890.2,18009.53,17848.22,18004.16
2016-04-19,42479,18012.1,18103.46,17984.43,18053.6
2016-04-20,42480,18059.49,18167.63,18031.21,18096.27
2016-04-21,42481,18092.84,18107.29,17963.89,17982.52
2016-04-22,42482,17985.05,18026.85,17909.89,18003.75
2016-04-25,42485,17990.94,17990.94,17855.55,17977.24
2016-04-26,42486,17987.38,18043.77,17934.17,17990.32
2016-04-27,42487,17996.14,18084.66,17920.26,18041.55
2016-04-28,42488,18023.88,18035.73,17796.55,17830.76
2016-04-29,42489,17813.09,17814.83,17651.98,17773.64
2016-05-02,42492,17783.78,17912.35,17773.71,17891.16
2016-05-03,42493,17870.75,17870.75,17670.88,17750.91
2016-05-04,42494,17735.02,17738.06,17609.01,17651.26
2016-05-05,42495,17664.48,17736.11,17615.82,17660.71
2016-05-06,42496,17650.3,17744.54,17580.38,17740.63
2016-05-09,42499,17743.85,17783.16,17668.38,17705.91
2016-05-10,42500,17726.66,17934.61,17726.66,17928.35
2016-05-11,42501,17919.03,17919.03,17711.05,17711.12
2016-05-12,42502,17711.12,17798.19,17625.38,17720.5
2016-05-13,42503,17711.12,17734.74,17512.48,17535.32
2016-05-16,42506,17531.76,17755.8,17531.76,17710.71
2016-05-17,42507,17701.46,17701.46,17469.92,17529.98
2016-05-18,42508,17501.28,17636.22,17418.21,17526.62
2016-05-19,42509,17514.16,17514.16,17331.07,17435.4
2016-05-20,42510,17437.32,17571.75,17437.32,17500.94
2016-05-23,42513,17507.04,17550.7,17480.05,17492.93
2016-05-24,42514,17525.19,17742.59,17525.19,17706.05
2016-05-25,42515,17735.09,17891.71,17735.09,17851.51
2016-05-26,42516,17859.52,17888.66,17803.82,17828.29
2016-05-27,42517,17826.85,17873.22,17824.73,17873.22
2016-05-31,42521,17891.5,17899.24,17724.03,17787.2
2016-06-01,42522,17754.55,17809.18,17664.79,17789.67
2016-06-02,42523,17789.05,17838.56,17703.55,17838.56
2016-06-03,42524,17799.8,17833.17,17689.68,17807.06
2016-06-06,42527,17825.69,17949.68,17822.81,17920.33
2016-06-07,42528,17936.22,18003.23,17936.22,17938.28
2016-06-08,42529,17931.91,18016,17931.91,18005.05
2016-06-09,42530,17969.98,18005.22,17915.88,17985.19
2016-06-10,42531,17938.82,17938.82,17812.34,17865.34
2016-06-13,42534,17830.5,17893.28,17731.35,17732.48
2016-06-14,42535,17710.77,17733.92,17595.79,17674.82
2016-06-15,42536,17703.65,17762.96,17629.01,17640.17
2016-06-16,42537,17602.23,17754.91,17471.29,17733.1
2016-06-17,42538,17733.44,17733.44,17602.78,17675.16
2016-06-20,42541,17736.87,17946.36,17736.87,17804.87
2016-06-21,42542,17827.33,17877.84,17799.8,17829.73
2016-06-22,42543,17832.67,17920.16,17770.36,17780.83
2016-06-23,42544,17844.11,18011.07,17844.11,18011.07
2016-06-24,42545,17946.63,17946.63,17356.34,17400.75
2016-06-27,42548,17355.21,17355.21,17063.08,17140.24
2016-06-28,42549,17190.51,17409.72,17190.51,17409.72
2016-06-29,42550,17456.02,17704.51,17456.02,17694.68
2016-06-30,42551,17712.76,17930.61,17711.8,17929.99
2016-07-01,42552,17924.24,18002.38,17916.91,17949.37
2016-07-05,42556,17904.45,17904.45,17785.28,17840.62
2016-07-06,42557,17807.47,17926.91,17713.45,17918.62
2016-07-07,42558,17924.24,17984.95,17816.65,17895.88
2016-07-08,42559,17971.22,18166.77,17971.22,18146.74
2016-07-11,42562,18161.53,18283.9,18161.53,18226.93
2016-07-12,42563,18259.12,18371.95,18259.12,18347.67
2016-07-13,42564,18356.78,18390.16,18315.76,18372.12
2016-07-14,42565,18414.3,18537.57,18414.3,18506.41
2016-07-15,42566,18508.88,18557.43,18471.62,18516.55
2016-07-18,42569,18521.55,18556.13,18489.84,18533.05
2016-07-19,42570,18503.12,18562.53,18495.11,18559.01
2016-07-20,42571,18582.7,18622.01,18555.65,18595.03
2016-07-21,42572,18589.96,18590.44,18469.67,18517.23
2016-07-22,42573,18524.15,18571.3,18491.59,18570.85
2016-07-25,42576,18554.49,18555.69,18452.62,18493.06
2016-07-26,42577,18497.37,18522.47,18387.22,18473.75
2016-07-27,42578,18473.27,18542.39,18430.94,18472.17
2016-07-28,42579,18461.01,18483.26,18368.82,18456.35
2016-07-29,42580,18442.52,18466.55,18371.12,18432.24
2016-08-01,42583,18434.5,18467.03,18355.75,18404.51
2016-08-02,42584,18401.15,18403.65,18247.79,18313.77
2016-08-03,42585,18313.08,18355,18283.23,18355
2016-08-04,42586,18351.43,18397.87,18325.17,18352.05
2016-08-05,42587,18402.8,18543.53,18402.8,18543.53
2016-08-08,42590,18541.89,18569.31,18502.03,18529.29
2016-08-09,42591,18538.05,18585.32,18507.75,18533.05
2016-08-10,42592,18541.48,18561.75,18468.78,18495.66
2016-08-11,42593,18519.08,18638.34,18519.08,18613.52
2016-08-12,42594,18595.65,18606.06,18535.86,18576.47
2016-08-15,42597,18588.59,18722.61,18559.93,18636.05
2016-08-16,42598,18614.48,18614.86,18550.65,18552.02
2016-08-17,42599,18537.09,18582.35,18468.68,18573.94
2016-08-18,42600,18566.54,18600.82,18533.29,18597.7
2016-08-19,42601,18585.17,18585.17,18491.24,18552.57
2016-08-22,42604,18535.86,18570.92,18466.86,18529.42
2016-08-23,42605,18568.94,18631.6,18545.52,18547.3
2016-08-24,42606,18537.5,18539.15,18448.27,18481.48
2016-08-25,42607,18471.21,18497.68,18431.46,18448.41
2016-08-26,42608,18467.92,18572.09,18335.34,18395.4
2016-08-29,42611,18421.29,18523.09,18419.92,18502.99
2016-08-30,42612,18491.28,18514.29,18408.52,18454.3
2016-08-31,42613,18436.7,18439.68,18333.56,18400.88
2016-09-01,42614,18396.57,18430.05,18295.48,18419.3
2016-09-02,42615,18466.01,18544.76,18439.1,18491.96
2016-09-06,42619,18493.4,18551.54,18450.32,18538.12
2016-09-07,42620,18527.71,18536.89,18474.77,18526.14
2016-09-08,42621,18486.69,18506.24,18446.69,18479.91
2016-09-09,42622,18404.17,18404.17,18085.45,18085.45
2016-09-12,42625,18028.95,18358.69,17994.84,18325.07
2016-09-13,42626,18262.99,18262.99,18028.06,18066.75
2016-09-14,42627,18073.39,18163.48,17992.21,18034.77
2016-09-15,42628,18024.91,18250.11,18015.49,18212.48
2016-09-16,42629,18217.21,18217.21,18070.21,18123.8
2016-09-19,42632,18154.82,18254.88,18093.05,18120.17
2016-09-20,42633,18175.36,18227.21,18128.8,18129.96
2016-09-21,42634,18164.96,18307.43,18121.57,18293.7
2016-09-22,42635,18343.76,18449.88,18343.76,18392.46
2016-09-23,42636,18377.36,18383.76,18254.84,18261.45
2016-09-26,42639,18217.76,18217.76,18083.32,18094.83
2016-09-27,42640,18099.21,18238.1,18052.16,18228.3
2016-09-28,42641,18240.22,18349.86,18179.34,18339.24
2016-09-29,42642,18322.88,18366.23,18091.64,18143.45
2016-09-30,42643,18181.8,18369.62,18181.8,18308.15
2016-10-03,42646,18279.6,18279.8,18203.75,18253.85
2016-10-04,42647,18267.68,18313.77,18116.26,18168.45
2016-10-05,42648,18205.5,18315.82,18205.5,18281.03
2016-10-06,42649,18280.42,18288.12,18162.97,18268.5
2016-10-07,42650,18295.35,18319.73,18149.35,18240.49
2016-10-10,42653,18282.95,18399.96,18282.95,18329.04
2016-10-11,42654,18308.43,18312.33,18061.96,18128.66
2016-10-12,42655,18132.63,18193.96,18082.09,18144.2
2016-10-13,42656,18088.32,18137.7,17959.95,18098.94
2016-10-14,42657,18177.35,18261.11,18138.38,18138.38
2016-10-17,42660,18135.85,18162.28,18063.02,18086.4
2016-10-18,42661,18145.06,18225.8,18129.45,18161.94
2016-10-19,42662,18178.21,18252.2,18169.25,18202.62
2016-10-20,42663,18161.87,18249.05,18129.07,18162.35
2016-10-21,42664,18152.63,18168.76,18049.77,18145.71
2016-10-24,42667,18197.14,18275.04,18191.18,18223.03
2016-10-25,42668,18206.52,18241.69,18151.7,18169.27
2016-10-26,42669,18103.8,18236.04,18062.3,18199.33
2016-10-27,42670,18234.81,18253.2,18149.2,18169.68
2016-10-28,42671,18193.79,18257.06,18094.97,18161.19
2016-10-31,42674,18176.6,18193.68,18130.58,18142.42
2016-11-01,42675,18158.24,18177.01,17940.84,18037.1
2016-11-02,42676,18017.72,18044.15,17931.89,17959.64
2016-11-03,42677,17978.75,18006.96,17904.07,17930.67
2016-11-04,42678,17928.35,17986.76,17883.56,17888.28
2016-11-07,42681,17994.64,18263.3,17994.64,18259.6
2016-11-08,42682,18251.38,18400.5,18200.75,18332.74
2016-11-09,42683,18317.26,18650.06,18252.55,18589.69
2016-11-10,42684,18603.14,18873.66,18603.14,18807.88
2016-11-11,42685,18781.65,18855.78,18736.96,18847.66
2016-11-14,42688,18876.77,18934.05,18815.75,18868.69
2016-11-15,42689,18858.21,18925.26,18806.06,18923.06
2016-11-16,42690,18909.85,18909.85,18825.89,18868.14
2016-11-17,42691,18866.22,18904.03,18845.27,18903.82
2016-11-18,42692,18905.33,18915.74,18853.83,18867.93
2016-11-21,42695,18898.68,18960.76,18883.1,18956.69
2016-11-22,42696,18970.39,19043.9,18962.82,19023.87
2016-11-23,42697,19015.52,19083.76,19000.38,19083.18
2016-11-25,42699,19093.72,19152.14,19093.72,19152.14
2016-11-28,42702,19122.14,19138.72,19072.25,19097.9
2016-11-29,42703,19064.07,19144.4,19062.22,19121.6
2016-11-30,42704,19135.64,19225.29,19123.38,19123.58
2016-12-01,42705,19149.2,19214.3,19138.79,19191.93
2016-12-02,42706,19161.25,19196.14,19141.18,19170.42
2016-12-05,42709,19244.35,19274.85,19186.73,19216.24
2016-12-06,42710,19219.91,19255.89,19184.74,19251.78
2016-12-07,42711,19241.99,19558.42,19229.83,19549.62
2016-12-08,42712,19559.94,19664.97,19527.83,19614.81
2016-12-09,42713,19631.35,19757.74,19623.19,19756.85
2016-12-12,42716,19770.2,19824.59,19747.74,19796.43
2016-12-13,42717,19852.21,19953.75,19846.45,19911.21
2016-12-14,42718,19876.13,19966.43,19748.67,19792.53
2016-12-15,42719,19811.5,19951.29,19811.5,19852.24
2016-12-16,42720,19909.01,19923.17,19821,19843.41
2016-12-19,42723,19836.66,19917.78,19832.95,19883.06
2016-12-20,42724,19920.59,19987.63,19920.42,19974.62
2016-12-21,42725,19968.97,19986.56,19941.96,19941.96
2016-12-22,42726,19922.68,19933.83,19882.19,19918.88
2016-12-23,42727,19908.61,19934.15,19899.06,19933.81
2016-12-27,42731,19943.46,19980.24,19939.8,19945.04
2016-12-28,42732,19964.31,19981.11,19827.31,19833.68
2016-12-29,42733,19835.46,19878.44,19788.94,19819.78
2016-12-30,42734,19833.17,19852.55,19718.67,19762.6
2017-01-03,42738,19872.86,19938.53,19775.93,19881.76
2017-01-04,42739,19890.94,19956.14,19878.83,19942.16
2017-01-05,42740,19924.56,19948.6,19811.12,19899.29
2017-01-06,42741,19906.96,19999.63,19834.08,19963.8
2017-01-09,42744,19931.41,19943.78,19887.38,19887.38
2017-01-10,42745,19876.35,19957.12,19836.03,19855.53
2017-01-11,42746,19887.38,19973.42,19833.16,19954.28
2017-01-12,42747,19926.21,19929.29,19770.47,19891
2017-01-13,42748,19912.54,19952.03,19849.38,19885.73
2017-01-17,42752,19848.82,19882.99,19775.35,19826.77
2017-01-18,42753,19822.73,19828.2,19739,19804.72
2017-01-19,42754,19813.55,19824.14,19677.94,19732.4
2017-01-20,42755,19795.06,19843.94,19759.14,19827.25
2017-01-23,42758,19794.79,19833.98,19732.36,19799.85
2017-01-24,42759,19794.68,19949.24,19786.71,19912.71
2017-01-25,42760,19994.48,20082,19994.48,20068.51
2017-01-26,42761,20076.25,20125.58,20067.53,20100.91
2017-01-27,42762,20103.36,20115.97,20072.64,20093.78
2017-01-30,42765,20028.62,20028.62,19870.39,19971.13
2017-01-31,42766,19913.16,19918.17,19784.77,19864.09
2017-02-01,42767,19923.81,19967.73,19845.99,19890.94
2017-02-02,42768,19858.34,19922.75,19831.09,19884.91
2017-02-03,42769,19964.21,20081.48,19964.21,20071.46
2017-02-06,42772,20025.61,20094.95,20002.81,20052.42
2017-02-07,42773,20107.62,20155.35,20068.68,20090.29
2017-02-08,42774,20049.29,20068.28,20015.33,20054.34
2017-02-09,42775,20061.73,20206.36,20061.73,20172.4
2017-02-10,42776,20211.23,20298.21,20204.76,20269.37
2017-02-13,42779,20338.54,20441.48,20322.95,20412.16
2017-02-14,42780,20374.22,20504.41,20374.02,20504.41
2017-02-15,42781,20504.27,20620.45,20496.03,20611.86
2017-02-16,42782,20627.31,20639.87,20556.83,20619.77
2017-02-17,42783,20564.13,20624.05,20532.61,20624.05
2017-02-21,42787,20663.43,20757.64,20663.37,20743
2017-02-22,42788,20715.41,20781.59,20692.39,20775.6
2017-02-23,42789,20817.21,20840.7,20746.41,20810.32
2017-02-24,42790,20751.91,20821.76,20733.95,20821.76
2017-02-27,42793,20808.71,20851.33,20774.76,20837.44
2017-02-28,42794,20833.88,20841.24,20781.21,20812.24
2017-03-01,42795,20957.29,21169.11,20957.29,21115.55
2017-03-02,42796,21128.91,21129.2,20996.61,21002.97
2017-03-03,42797,21008.75,21039.96,20953.86,21005.71
2017-03-06,42800,20955.71,20986.43,20912.11,20954.34
2017-03-07,42801,20934.89,20970.54,20901.26,20924.76
2017-03-08,42802,20940.44,20951.44,20835.58,20855.73
2017-03-09,42803,20864.32,20900.57,20777.16,20858.19
2017-03-10,42804,20919.01,20940.29,20827.66,20902.98
2017-03-13,42807,20899.28,20926.06,20845.71,20881.48
2017-03-14,42808,20848.6,20874,20786.31,20837.37
2017-03-15,42809,20874.78,20977.47,20859.6,20950.1
2017-03-16,42810,20969.27,21000.11,20893.5,20934.55
2017-03-17,42811,20965.37,20980.51,20911.07,20914.62
2017-03-20,42814,20916.27,20955.45,20885.7,20905.86
2017-03-21,42815,20956.33,20970.04,20653.26,20668.01
2017-03-22,42816,20640.42,20686.21,20578.95,20661.3
2017-03-23,42817,20645.07,20757.89,20618.62,20656.58
2017-03-24,42818,20674.45,20718.33,20529.67,20596.72
2017-03-27,42821,20488.35,20578.46,20412.8,20550.98
2017-03-28,42822,20542.14,20735.61,20520.1,20701.5
2017-03-29,42823,20675.75,20684.73,20625.03,20659.32
2017-03-30,42824,20662.79,20753.78,20643.6,20728.49
2017-03-31,42825,20700.34,20722.59,20660.68,20663.22
2017-04-03,42828,20665.17,20692.34,20517.82,20650.21
2017-04-04,42829,20634.94,20701.29,20605.3,20689.24
2017-04-05,42830,20745.06,20887.5,20639.55,20648.15
2017-04-06,42831,20653.77,20746.46,20612.17,20662.95
2017-04-07,42832,20647.81,20726.07,20606.95,20656.1
2017-04-10,42835,20668.22,20750.33,20614.86,20658.02
2017-04-11,42836,20644.32,20660.03,20512.56,20651.3
2017-04-12,42837,20637.95,20642.54,20553.03,20591.86
2017-04-13,42838,20561.69,20612.27,20453.25,20453.25
2017-04-17,42842,20484.75,20644.41,20484.75,20636.92
2017-04-18,42843,20561.39,20600.12,20462.28,20523.28
2017-04-19,42844,20503.52,20546.69,20379.55,20404.49
2017-04-20,42845,20406.68,20629.78,20406.68,20578.71
2017-04-21,42846,20578.1,20601.4,20505.33,20547.76
2017-04-24,42849,20723.59,20792.2,20723.59,20763.89
2017-04-25,42850,20915.51,21026.97,20909.38,20996.12
2017-04-26,42851,21009.95,21070.9,20972.27,20975.09
2017-04-27,42852,20991.12,21005.8,20935.8,20981.33
2017-04-28,42853,20987.39,20987.76,20926.75,20940.51
2017-05-01,42856,20962.73,20976.62,20898.38,20913.46
2017-05-02,42857,20941.19,20960.92,20904.06,20949.89
2017-05-03,42858,20915,20972.74,20874.18,20957.9
2017-05-04,42859,20987.83,20990.79,20847.95,20951.47
2017-05-05,42860,20929.04,21006.94,20905,21006.94
2017-05-08,42863,20991.26,21017.89,20971.05,21012.28
2017-05-09,42864,21022.28,21046.85,20938.04,20975.78
2017-05-10,42865,20958.49,20976.28,20884.15,20943.11
2017-05-11,42866,20925.72,20933.36,20798.9,20919.42
2017-05-12,42867,20893.19,20916.1,20869.74,20896.61
2017-05-15,42870,20923.63,21000.83,20923.63,20981.94
2017-05-16,42871,20984.48,21033.53,20932.88,20979.75
2017-05-17,42872,20846.17,20846.17,20601.08,20606.93
2017-05-18,42873,20579.65,20759.2,20553.45,20663.02
2017-05-19,42874,20698.28,20857.13,20687.94,20804.84
2017-05-22,42877,20867.77,20914.26,20860.16,20894.83
2017-05-23,42878,20908.67,20961.14,20896.22,20937.91
2017-05-24,42879,20949.21,21022.82,20933.58,21012.42
2017-05-25,42880,21062.96,21112.32,21051.41,21082.95
2017-05-26,42881,21070.15,21092.82,21050.49,21080.28
2017-05-30,42885,21045.49,21063.62,21009.6,21029.47
2017-05-31,42886,21048.46,21051.7,20942.57,21008.65
2017-06-01,42887,21030.55,21144.18,20994.22,21144.18
2017-06-02,42888,21142.09,21225.04,21129.56,21206.29
2017-06-05,42891,21195.03,21224.41,21168.69,21184.04
2017-06-06,42892,21145.48,21180.47,21118.46,21136.23
2017-06-07,42893,21171.57,21189.84,21113.31,21173.69
2017-06-08,42894,21169.76,21265.69,21138.16,21182.53
2017-06-09,42895,21208.96,21305.35,21159.45,21271.97
2017-06-12,42898,21259.95,21277.08,21186.15,21235.67
2017-06-13,42899,21256.83,21332.77,21256.83,21328.47
2017-06-14,42900,21342.71,21391.97,21294.09,21374.56
2017-06-15,42901,21291.69,21367.28,21261.87,21359.9
2017-06-16,42902,21335.93,21384.42,21308.01,21384.28
2017-06-19,42905,21444.75,21528.99,21436.08,21528.99
2017-06-20,42906,21521.25,21535.03,21464.24,21467.14
2017-06-21,42907,21466.39,21492.62,21390,21410.03
2017-06-22,42908,21407.98,21456.47,21394.81,21397.29
2017-06-23,42909,21380.92,21421.79,21333.89,21394.76
2017-06-26,42912,21434.68,21506.21,21381.25,21409.55
2017-06-27,42913,21411.19,21440.6,21310.66,21310.66
2017-06-28,42914,21372.36,21478.75,21372.36,21454.61
2017-06-29,42915,21487.38,21487.38,21197.08,21287.03
2017-06-30,42916,21348.6,21426.12,21325.08,21349.63
2017-07-03,42919,21392.3,21562.75,21391.71,21479.27
2017-07-05,42921,21492.83,21505.36,21404.76,21478.17
2017-07-06,42922,21423.93,21433.1,21305.38,21320.04
2017-07-07,42923,21354.66,21425.82,21350.72,21414.34
2017-07-10,42926,21381.23,21446.39,21371.11,21408.52
2017-07-11,42927,21410.17,21441.62,21279.3,21409.07
2017-07-12,42928,21467.93,21580.79,21467.93,21532.14
2017-07-13,42929,21537.19,21568.72,21512.36,21553.09
2017-07-14,42930,21532.77,21681.53,21521.72,21637.74
2017-07-17,42933,21633.97,21661.81,21617.66,21629.72
2017-07-18,42934,21589.94,21589.94,21471.14,21574.73
2017-07-19,42935,21569.25,21640.75,21565.84,21640.75
2017-07-20,42936,21641.54,21661.91,21576.96,21611.78
2017-07-21,42937,21591.72,21592.61,21503.78,21580.07
2017-07-24,42940,21577.78,21577.78,21496.13,21513.17
2017-07-25,42941,21638.56,21670.62,21577.37,21613.43
2017-07-26,42942,21690.38,21742.7,21683.29,21711.01
2017-07-27,42943,21717.42,21798.47,21687.85,21796.55
2017-07-28,42944,21787.51,21841.18,21756.12,21830.31
2017-07-31,42947,21863.39,21929.8,21861.71,21891.12
2017-08-01,42948,21961.42,21990.96,21940.81,21963.92
2017-08-02,42949,22004.36,22036.1,21967.46,22016.24
2017-08-03,42950,22007.58,22044.85,21991.32,22026.1
2017-08-04,42951,22058.39,22092.81,22024.64,22092.81
2017-08-07,42954,22100.2,22121.15,22081.97,22118.42
2017-08-08,42955,22095.14,22179.11,22057.29,22085.34
2017-08-09,42956,22022.34,22057.19,21996.69,22048.7
2017-08-10,42957,21988.2,21988.2,21843.94,21844.01
2017-08-11,42958,21883.32,21911.09,21842.74,21858.32
2017-08-14,42961,21945.64,22019.23,21945.64,21993.71
2017-08-15,42962,22029.91,22038.92,21971.48,21998.99
2017-08-16,42963,22031.93,22085.71,22002.47,22024.87
2017-08-17,42964,21984.74,21984.74,21750.32,21750.73
2017-08-18,42965,21724.88,21793.35,21641.63,21674.51
2017-08-21,42968,21671.36,21718.74,21600.34,21703.75
2017-08-22,42969,21739.78,21912.83,21738.13,21899.89
2017-08-23,42970,21850.27,21866.66,21808.39,21812.09
2017-08-24,42971,21839.9,21870.11,21765.82,21783.4
2017-08-25,42972,21819.08,21906.86,21812.81,21813.67
2017-08-28,42975,21832.5,21861.49,21767.94,21808.4
2017-08-29,42976,21718,21879.22,21673.58,21865.37
2017-08-30,42977,21859.76,21914.26,21839.47,21892.43
2017-08-31,42978,21936.01,21985.76,21910.5,21948.1
2017-09-01,42979,21981.77,22038.97,21974.91,21987.56
2017-09-05,42983,21912.37,21921.09,21709.63,21753.31
2017-09-06,42984,21815.76,21849.24,21794.07,21807.64
2017-09-07,42985,21820.38,21850.01,21745.71,21784.78
2017-09-08,42986,21764.43,21846.63,21731.12,21797.79
2017-09-11,42989,21927.79,22067.1,21927.79,22057.37
2017-09-12,42990,22090.56,22134.57,22087.09,22118.86
2017-09-13,42991,22103.47,22158.18,22095.79,22158.18
2017-09-14,42992,22144.96,22216.44,22135.26,22203.48
2017-09-15,42993,22252.44,22275.02,22214.52,22268.34
2017-09-18,42996,22297.92,22355.62,22283.35,22331.35
2017-09-19,42997,22349.7,22386.01,22340.71,22370.8
2017-09-20,42998,22351.38,22413.26,22314.68,22412.59
2017-09-21,42999,22414.02,22419.51,22356.55,22359.23
2017-09-22,43000,22334.07,22364.31,22299.58,22349.59
2017-09-25,43003,22320.47,22359.88,22219.11,22296.09
2017-09-26,43004,22322.03,22369.35,22279.52,22284.32
2017-09-27,43005,22330.93,22371.1,22254.93,22340.71
2017-09-28,43006,22306.83,22394.74,22288.97,22381.2
2017-09-29,43007,22358.47,22405.63,22332.96,22405.09
2017-10-02,43010,22423.47,22559.38,22416,22557.6
2017-10-03,43011,22564.45,22646.32,22562.9,22641.67
2017-10-04,43012,22645.67,22685.94,22632.8,22661.64
2017-10-05,43013,22669.08,22777.04,22655.14,22775.39
2017-10-06,43014,22762.03,22773.67,22730.85,22773.67
2017-10-09,43017,22779.73,22803.37,22739.38,22761.07
2017-10-10,43018,22784.76,22850.51,22770.99,22830.68
2017-10-11,43019,22827.65,22872.89,22821.66,22872.89
2017-10-12,43020,22854.85,22884.82,22821.13,22841.01
2017-10-13,43021,22876.43,22905.33,22855.93,22871.72
2017-10-16,43024,22892.92,22960.12,22887.12,22956.96
2017-10-17,43025,22952.41,23002.2,22948.23,22997.44
2017-10-18,43026,23087.13,23172.93,23086.75,23157.6
2017-10-19,43027,23107.47,23167.24,23052.67,23163.04
2017-10-20,43028,23205.18,23328.84,23201.78,23328.63
2017-10-23,43031,23348.95,23368.37,23273.96,23273.96
2017-10-24,43032,23346.78,23485.25,23343.23,23441.76
2017-10-25,43033,23431.09,23451.51,23251.11,23329.46
2017-10-26,43034,23380.89,23459.84,23380.89,23400.86
2017-10-27,43035,23419.16,23449.4,23353.16,23434.19
2017-10-30,43038,23405.75,23428.75,23327.87,23348.74
2017-10-31,43039,23369.22,23406.35,23334.39,23377.24
2017-11-01,43040,23442.9,23517.71,23388.91,23435.01
2017-11-02,43041,23463.24,23531.38,23350.98,23516.26
2017-11-03,43042,23549.59,23557.06,23481.57,23539.19
2017-11-06,43045,23533.96,23574.86,23520.75,23548.42
2017-11-07,43046,23574.03,23602.12,23484.19,23557.23
2017-11-08,43047,23542.6,23575,23510.56,23563.36
2017-11-09,43048,23492.09,23516.74,23310.02,23461.94
2017-11-10,43049,23432.71,23452.2,23392.96,23422.21
2017-11-13,43052,23367.47,23461.68,23343.34,23439.7
2017-11-14,43053,23388.4,23414.08,23271.57,23409.47
2017-11-15,43054,23334.59,23344.99,23242.75,23271.28
2017-11-16,43055,23365.34,23492.19,23365.34,23458.36
2017-11-17,43056,23433.77,23433.77,23356.01,23358.24
2017-11-20,43059,23370.71,23456.88,23360.58,23430.33
2017-11-21,43060,23500.15,23617.8,23500.15,23590.83
2017-11-22,43061,23597.24,23605.77,23507.61,23526.18
2017-11-24,43063,23552.75,23599.18,23551.59,23557.99
2017-11-27,43066,23552.86,23638.92,23545.02,23580.78
2017-11-28,43067,23625.19,23849.61,23617.11,23836.71
2017-11-29,43068,23883.26,23959.76,23872.59,23940.68
2017-11-30,43069,24013.8,24327.82,24013.8,24272.35
2017-12-01,43070,24305.4,24322.06,23921.9,24231.59
2017-12-04,43073,24424.11,24534.04,24288.19,24290.05
2017-12-05,43074,24335.01,24349.74,24155.28,24180.64
2017-12-06,43075,24171.9,24229.35,24134.49,24140.91
2017-12-07,43076,24116.6,24262.88,24101.24,24211.48
2017-12-08,43077,24263.26,24330.12,24225.5,24329.16
2017-12-11,43080,24338.11,24389.72,24314.74,24386.03
2017-12-12,43081,24452.96,24552.97,24443.83,24504.8
2017-12-13,43082,24525.19,24666.02,24518.3,24585.43
2017-12-14,43083,24631.01,24672.48,24508.66,24508.66
2017-12-15,43084,24585.71,24688.62,24584.44,24651.74
2017-12-18,43087,24739.56,24876.07,24739.56,24792.2
2017-12-19,43088,24834.38,24850.11,24715.6,24754.75
2017-12-20,43089,24838.09,24852.44,24697.11,24726.65
2017-12-21,43090,24778.26,24850.91,24766.27,24782.29
2017-12-22,43091,24764.04,24784.15,24717.51,24754.06
2017-12-26,43095,24715.84,24778.13,24708.42,24746.21
2017-12-27,43096,24766.52,24789.52,24731.68,24774.3
2017-12-28,43097,24807.21,24839.23,24797.13,24837.51
2017-12-29,43098,24849.63,24871.66,24719.22,24719.22
2018-01-02,43102,24809.35,24864.19,24741.7,24824.01
2018-01-03,43103,24850.45,24941.92,24825.55,24922.68
2018-01-04,43104,24964.86,25105.96,24963.27,25075.13
2018-01-05,43105,25114.92,25299.79,25112.01,25295.87
2018-01-08,43108,25308.4,25311.99,25235.41,25283
2018-01-09,43109,25312.05,25439.78,25308.41,25385.8
2018-01-10,43110,25348.13,25404.92,25256.99,25369.13
2018-01-11,43111,25398.6,25575.42,25396.19,25574.73
2018-01-12,43112,25638.39,25810.43,25633.08,25803.19
2018-01-16,43116,25987.62,26086.12,25702.99,25792.86
2018-01-17,43117,25910.78,26130.45,25865.02,26115.65
2018-01-18,43118,26149.55,26153.42,25947.32,26017.81
2018-01-19,43119,25987.35,26071.72,25942.83,26071.72
2018-01-22,43122,26025.32,26215.23,25974.65,26214.6
2018-01-23,43123,26214.87,26246.19,26143.9,26210.81
2018-01-24,43124,26282.07,26392.8,26106.94,26252.12
2018-01-25,43125,26313.06,26458.25,26259.72,26392.79
2018-01-26,43126,26466.74,26616.71,26425.35,26616.71
2018-01-29,43129,26584.28,26608.9,26435.34,26439.48
2018-01-30,43130,26198.45,26256.99,26028.42,26076.89
2018-01-31,43131,26268.17,26338.03,26050.98,26149.39
2018-02-01,43132,26083.04,26306.7,26014.44,26186.71
2018-02-02,43133,26061.79,26061.79,25490.66,25520.96
2018-02-05,43136,25337.87,25520.53,23923.88,24345.75
2018-02-06,43137,24085.17,24946.23,23778.74,24912.77
2018-02-07,43138,24892.87,25293.96,24785.44,24893.35
2018-02-08,43139,24902.3,24903.68,23849.23,23860.46
2018-02-09,43140,23992.67,24382.14,23360.29,24190.9
2018-02-12,43143,24337.76,24765.16,24290.48,24601.27
2018-02-13,43144,24540.33,24705.72,24421.03,24640.45
2018-02-14,43145,24535.82,24925.95,24490.36,24893.49
2018-02-15,43146,25047.82,25203.95,24809.42,25200.37
2018-02-16,43147,25165.94,25432.42,25149.26,25219.38
2018-02-20,43151,25124.91,25179.01,24884.19,24964.75
2018-02-21,43152,24988.06,25267.99,24792.99,24797.78
2018-02-22,43153,24855.41,25156.72,24854.83,24962.48
2018-02-23,43154,25050.51,25313.91,25028.73,25309.99
2018-02-26,43157,25403.35,25732.8,25398.56,25709.27
2018-02-27,43158,25735.78,25800.35,25407.83,25410.03
2018-02-28,43159,25485.15,25576.15,25022.42,25029.2
2018-03-01,43160,25024.04,25185.35,24442.56,24608.98
2018-03-02,43161,24394.91,24592.46,24217.76,24538.06
2018-03-05,43164,24471.31,24961,24387.15,24874.76
2018-03-06,43165,24965.89,24995.24,24708.41,24884.12
2018-03-07,43166,24758.15,24849.68,24535.12,24801.36
2018-03-08,43167,24853.41,24950.49,24703.05,24895.21
2018-03-09,43168,25004.89,25336.33,25004.89,25335.74
2018-03-12,43171,25372.44,25449.15,25152.02,25178.61
2018-03-13,43172,25257.75,25376.4,24947.5,25007.03
2018-03-14,43173,25086.97,25130.12,24668.83,24758.12
2018-03-15,43174,24837.29,25053.87,24753.29,24873.66
2018-03-16,43175,24877.34,25031,24857.09,24946.51
2018-03-19,43178,24893.69,24893.69,24453.14,24610.91
2018-03-20,43179,24650.64,24803.61,24650.64,24727.27
2018-03-21,43180,24723.49,24977.65,24655.4,24682.31
2018-03-22,43181,24526.01,24526.01,23938.74,23957.89
2018-03-23,43182,23995.18,24108.47,23509.06,23533.2
2018-03-26,43185,23825.74,24232.3,23741.22,24202.6
2018-03-27,43186,24276.62,24446.22,23708.73,23857.71
2018-03-28,43187,23883.08,24092.47,23728.67,23848.42
2018-03-29,43188,23949.18,24314.3,23928.13,24103.11
2018-04-02,43192,24076.6,24123.8,23344.52,23644.19
2018-04-03,43193,23698.33,24044.35,23664.33,24033.36
2018-04-04,43194,23654.15,24308.96,23523.16,24264.3
2018-04-05,43195,24313.91,24622.26,24313.91,24505.22
2018-04-06,43196,24373.6,24434.4,23738.2,23932.76
2018-04-09,43199,24037.52,24373.18,23954.83,23979.1
2018-04-10,43200,24198.95,24511.35,24198.95,24408
2018-04-11,43201,24274.19,24366.57,24150.87,24189.45
2018-04-12,43202,24302.82,24592.12,24302.82,24483.05
2018-04-13,43203,24582.82,24646.45,24243.74,24360.14
2018-04-16,43206,24483.15,24675.36,24480.2,24573.04
2018-04-17,43207,24681.79,24858.97,24681.79,24786.63
2018-04-18,43208,24820.85,24832.54,24721.09,24748.07
2018-04-19,43209,24711.3,24762.48,24557.03,24664.89
2018-04-20,43210,24657.39,24678.07,24375.04,24462.94
2018-04-23,43213,24488.07,24536.89,24328.54,24448.69
2018-04-24,43214,24579.94,24579.94,23828.73,24024.13
2018-04-25,43215,24070.2,24146.34,23823.08,24083.83
2018-04-26,43216,24128.72,24402.46,24128.72,24322.34
2018-04-27,43217,24342.14,24359.38,24194.45,24311.19
2018-04-30,43220,24410.41,24498.23,24163.08,24163.15
2018-05-01,43221,24117.29,24117.29,23808.19,24099.05
2018-05-02,43222,24097.63,24185.52,23886.3,23924.98
2018-05-03,43223,23836.23,23996.15,23531.31,23930.15
2018-05-04,43224,23865.22,24333.35,23778.87,24262.51
2018-05-07,43227,24317.66,24479.45,24263.42,24357.32
2018-05-08,43228,24341.35,24412.34,24198.34,24360.21
2018-05-09,43229,24399.18,24586.48,24323.87,24542.54
2018-05-10,43230,24591.66,24794.99,24575.91,24739.53
2018-05-11,43231,24758.64,24868.65,24717.5,24831.17
